year,month,day,time,latitude,longitude,depth (m),location,Akashiwo sanguinea (cells/L),Alexandrium spp. (cells/L),Ammonia (uM),Chlorophyll (mg/m3),Chlorophyll 1 (mg/m3),Chlorophyll 2 (mg/m3),DA Volume Filtered (mL),Dinophysis spp. (cells/L),Domoic Acid (ng/mL),Lingulodinium polyedrum (cells/L),Nitrate (uM),Nitrite (uM),Phaeophytin (mg/m3),Phaeophytin 1 (mg/m3),Phaeophytin 2 (mg/m3),Phosphate (uM),Prorocentrum spp. (cells/L),Pseudo-nitzschia delicatissima group (cells/L),Pseudo-nitzschia seriata group (cells/L),Silicate (uM),Volume Settled for counting (mL),Water Temperature (C)
2008,6,30,15:00:00,32.867,-117.257,0,Scripps Pier,0,0,0.53,1.82,1.81,1.83,200,160,NaN,80,0.43,0.03,0.6,0.59,0.61,0.24,4640,8560,480,5.64,50,19.8
2008,7,2,14:50:00,32.867,-117.257,0,Scripps Pier,NaN,NaN,0.58,2.08,2.04,2.12,200,NaN,NaN,NaN,0.12,0,0.53,0.53,0.52,0.19,NaN,NaN,NaN,6.5,NaN,19.7
2008,7,7,15:00:00,32.867,-117.257,0,Scripps Pier,80,0,1.06,2.71,2.68,2.73,200,0,NaN,80,0.83,0.04,1.18,1.24,1.12,0.37,1040,55200,160,5.1,50,17.3
2008,7,10,15:40:00,32.867,-117.257,0,Scripps Pier,NaN,NaN,0.47,1.32,1.3,1.34,200,NaN,NaN,NaN,0.24,0.01,0.52,0.51,0.53,0.24,NaN,NaN,NaN,5,NaN,19.5
2008,7,14,14:55:00,32.867,-117.257,0,Scripps Pier,80,0,0.31,1,0.99,1,200,0,NaN,240,0.14,0.01,0.55,0.55,0.54,0.28,960,15120,480,4.1,50,21.7
2008,7,17,15:45:00,32.867,-117.257,0,Scripps Pier,NaN,NaN,0.58,1.38,1.39,1.37,200,NaN,NaN,NaN,0.17,0.01,0.58,0.56,0.59,0.22,NaN,NaN,NaN,5,NaN,21.3
2008,7,21,14:50:00,32.867,-117.257,0,Scripps Pier,0,0,0.34,1.23,1.21,1.24,200,0,NaN,0,0.17,0.01,0.49,0.49,0.48,0.19,560,1840,240,4.7,50,20.2
2008,7,24,15:40:00,32.867,-117.257,0,Scripps Pier,NaN,NaN,0.24,1.91,1.93,1.88,NaN,NaN,NaN,NaN,0.16,0.01,0.61,0.62,0.59,0.16,NaN,NaN,NaN,4.2,NaN,20.1
2008,7,28,16:45:00,32.867,-117.257,0,Scripps Pier,0,0,0.71,2.41,2.37,2.44,200,160,NaN,0,0.21,0,0.39,0.41,0.36,0.13,960,4880,0,4.7,50,22.4
2008,7,31,16:00:00,32.867,-117.257,0,Scripps Pier,NaN,NaN,0.63,1.29,1.29,1.29,NaN,NaN,NaN,NaN,0.19,0.02,0.47,0.45,0.48,0.23,NaN,NaN,NaN,5.1,NaN,21.1
2008,8,4,15:25:00,32.867,-117.257,0,Scripps Pier,0,0,0.21,1.9,1.95,1.85,200,0,NaN,0,0.08,0,0.38,0.41,0.35,0.16,480,1200,0,4.4,50,23
2008,8,7,16:15:00,32.867,-117.257,0,Scripps Pier,NaN,NaN,0.15,1.48,1.52,1.43,NaN,NaN,NaN,NaN,0.23,0.01,0.23,0.22,0.23,0.21,NaN,NaN,NaN,4.3,NaN,23.9
2008,8,11,16:00:00,32.867,-117.257,0,Scripps Pier,0,0,0.41,1.8,1.91,1.69,200,0,NaN,0,0.2,0.01,0.63,0.66,0.6,0.33,640,9440,2080,3.3,50,22
2008,8,14,14:45:00,32.867,-117.257,0,Scripps Pier,NaN,NaN,0.29,0.88,0.9,0.86,200,NaN,NaN,NaN,0.17,0,0.24,0.25,0.23,0.28,NaN,NaN,NaN,3.5,NaN,20.4
2008,8,18,15:05:00,32.867,-117.257,0,Scripps Pier,0,0,0.08,1.82,1.86,1.78,200,0,NaN,0,0.16,0,0.44,0.43,0.44,0.24,400,2640,480,3.3,50,24.4
2008,8,21,14:58:00,32.867,-117.257,0,Scripps Pier,NaN,NaN,0,1.77,1.77,1.76,NaN,NaN,NaN,NaN,0.13,0,0.55,0.54,0.55,0.25,NaN,NaN,NaN,3.5,NaN,21.9
2008,8,25,15:05:00,32.867,-117.257,0,Scripps Pier,0,0,1.09,1.73,1.73,1.72,NaN,0,NaN,0,0.19,0.01,0.47,0.44,0.49,0.27,160,160,0,3.4,50,19.7
2008,8,28,15:15:00,32.867,-117.257,0,Scripps Pier,NaN,NaN,1.15,1.78,1.77,1.78,NaN,NaN,NaN,NaN,0.33,0,0.22,0.21,0.22,0.23,NaN,NaN,NaN,3.6,NaN,22.6
2008,9,2,16:45:00,32.867,-117.257,0,Scripps Pier,0,0,0.8,1.35,1.37,1.33,200,0,NaN,0,0.17,0.01,0.21,0.2,0.22,0.25,80,0,0,4,50,21.8
2008,9,4,15:05:00,32.867,-117.257,0,Scripps Pier,NaN,NaN,0.26,1.87,1.87,1.86,NaN,NaN,NaN,NaN,0.17,0,0.22,0.21,0.22,0.2,NaN,NaN,NaN,3.8,NaN,22.1
2008,9,8,14:45:00,32.867,-117.257,0,Scripps Pier,0,0,0.4,1.66,1.64,1.68,200,80,NaN,0,0.14,0.03,0.3,0.28,0.31,0.22,720,160,0,3.6,50,21.6
2008,9,11,15:55:00,32.867,-117.257,0,Scripps Pier,NaN,NaN,0.39,1.92,1.93,1.91,NaN,NaN,NaN,NaN,0.16,0.01,0.29,0.28,0.29,0.21,NaN,NaN,NaN,3.4,NaN,22
2008,9,15,14:50:00,32.867,-117.257,0,Scripps Pier,0,0,0.22,3.88,3.95,3.8,200,240,NaN,160,0.16,0.01,0.51,0.46,0.56,0.23,1920,960,0,3.9,50,19.2
2008,9,18,14:55:00,32.867,-117.257,0,Scripps Pier,NaN,NaN,0.43,1.78,1.75,1.81,NaN,NaN,NaN,NaN,0.16,0.01,0.37,0.35,0.38,0.32,NaN,NaN,NaN,4.5,NaN,18.5
2008,9,22,14:45:00,32.867,-117.257,0,Scripps Pier,0,0,0.18,2.15,2.14,2.15,200,0,NaN,0,0.13,0.02,0.37,0.38,0.35,0.25,1200,480,0,4.2,50,19
2008,9,25,15:45:00,32.867,-117.257,0,Scripps Pier,NaN,NaN,0.32,2.92,2.91,2.93,NaN,NaN,NaN,NaN,0.16,0.01,0.48,0.46,0.5,0.29,NaN,NaN,NaN,4.3,NaN,18.7
2008,9,29,15:45:00,32.867,-117.257,0,Scripps Pier,0,0,0.44,2.48,2.48,2.48,200,0,NaN,160,0.2,0.02,0.71,0.7,0.71,0.33,560,960,0,3.4,50,18.1
2008,10,2,15:40:00,32.867,-117.257,0,Scripps Pier,NaN,NaN,0.33,1.82,1.82,1.82,NaN,NaN,NaN,NaN,0.17,0.04,0.33,0.31,0.34,0.26,NaN,NaN,NaN,3.2,NaN,20.1
2008,10,6,15:15:00,32.867,-117.257,0,Scripps Pier,0,0,0.98,1.32,1.34,1.29,200,0,NaN,80,0.28,0.04,0.56,0.55,0.56,0.28,880,1040,0,3.4,50,19.2
2008,10,9,15:30:00,32.867,-117.257,0,Scripps Pier,NaN,NaN,0.65,2.28,2.24,2.32,NaN,NaN,NaN,NaN,0.35,0.04,0.58,0.54,0.61,0.21,NaN,NaN,NaN,3,NaN,19.8
2008,10,13,16:10:00,32.867,-117.257,0,Scripps Pier,0,0,0.92,2.37,2.37,2.37,200,0,NaN,160,1,0.04,0.53,0.52,0.53,0.27,5760,960,0,3.3,50,18.1
2008,10,16,15:15:00,32.867,-117.257,0,Scripps Pier,NaN,NaN,0.52,2.29,2.25,2.32,NaN,NaN,NaN,NaN,0.38,0.06,0.76,0.77,0.74,0.35,NaN,NaN,NaN,4.4,NaN,16.6
2008,10,20,15:10:00,32.867,-117.257,0,Scripps Pier,0,0,0.83,1.74,1.73,1.75,200,0,NaN,0,0.31,0.03,0.67,0.65,0.69,0.34,400,960,2240,2.2,50,16.6
2008,10,23,15:20:00,32.867,-117.257,0,Scripps Pier,NaN,NaN,0.39,0.94,0.93,0.95,NaN,NaN,NaN,NaN,0.29,0.03,0.42,0.44,0.4,0.34,NaN,NaN,NaN,1.9,NaN,16.2
2008,10,27,15:20:00,32.867,-117.257,0,Scripps Pier,0,0,1.05,0.91,0.91,0.91,200,0,NaN,80,0.59,0.04,0.81,0.8,0.82,0.36,160,320,400,2.3,50,17.6
2008,10,30,15:40:00,32.867,-117.257,0,Scripps Pier,NaN,NaN,0.38,0.43,0.43,0.43,NaN,NaN,NaN,NaN,0.32,0.02,0.18,0.18,0.18,0.29,NaN,NaN,NaN,2.2,NaN,18.3
2008,11,3,16:50:00,32.867,-117.257,0,Scripps Pier,0,0,0.84,0.85,0.86,0.83,200,80,NaN,0,0.84,0.12,0.97,0.9,1.04,0.5,400,1120,1280,4.3,50,16.2
2008,11,6,17:15:00,32.867,-117.257,0,Scripps Pier,NaN,NaN,0.61,1.93,1.91,1.95,NaN,NaN,NaN,NaN,0.47,0.04,0.83,0.84,0.82,0.34,NaN,NaN,NaN,2.8,NaN,17.5
2008,11,10,17:10:00,32.867,-117.257,0,Scripps Pier,0,0,0.58,1.18,1.18,1.18,200,160,NaN,160,0.4,0.07,0.79,0.8,0.77,0.41,1840,720,0,3.7,50,16.9
2008,11,13,17:10:00,32.867,-117.257,0,Scripps Pier,NaN,NaN,0.37,2.37,2.44,2.3,NaN,NaN,NaN,NaN,0.33,0.07,0.53,0.48,0.58,0.36,NaN,NaN,NaN,3.9,NaN,16.9
2008,11,17,16:55:00,32.867,-117.257,0,Scripps Pier,0,0,0.14,1.26,1.28,1.24,200,80,NaN,80,0.12,0.02,0.43,0.42,0.43,0.33,1120,1520,0,3.7,50,16.9
2008,11,20,17:35:00,32.867,-117.257,0,Scripps Pier,NaN,NaN,0.44,1.07,1.05,1.09,NaN,NaN,NaN,NaN,0.22,0.03,0.65,0.68,0.62,0.35,NaN,NaN,NaN,3.5,NaN,16.6
2008,11,24,17:15:00,32.867,-117.257,0,Scripps Pier,0,0,0,0.76,0.76,0.76,200,80,NaN,0,0.25,0.02,0.3,0.3,0.3,0.33,400,880,0,3,50,17
2008,11,26,16:00:00,32.867,-117.257,0,Scripps Pier,NaN,NaN,0.33,1.21,1.12,1.29,NaN,NaN,NaN,NaN,0.45,0.06,0.51,0.6,0.41,0.42,NaN,NaN,NaN,3.3,NaN,16.8
2008,12,1,17:00:00,32.867,-117.257,0,Scripps Pier,0,0,0.36,1.46,1.45,1.47,200,0,NaN,80,0.48,0.08,1.14,1.12,1.16,0.44,1360,800,0,3.9,50,16.4
2008,12,4,17:15:00,32.867,-117.257,0,Scripps Pier,NaN,NaN,1.03,1.31,1.28,1.33,NaN,NaN,NaN,NaN,0.12,0.05,0.69,0.66,0.71,0.35,NaN,NaN,NaN,4.1,NaN,16.6
2008,12,8,17:05:00,32.867,-117.257,0,Scripps Pier,0,0,1.02,1.63,1.67,1.59,200,0,NaN,0,0.18,0.05,0.95,0.98,0.92,0.37,3120,1200,0,3.4,50,16.6
2008,12,11,17:00:00,32.867,-117.257,0,Scripps Pier,0,0,0.69,1.77,1.76,1.77,NaN,400,NaN,0,0.14,0.07,0.82,0.81,0.82,0.37,5120,2080,0,4,50,15.9
2008,12,15,16:40:00,32.867,-117.257,0,Scripps Pier,0,80,0.54,1.24,1.22,1.25,200,0,NaN,80,0.25,0.04,0.71,0.71,0.7,0.36,2160,2160,0,3.9,50,15.1
2008,12,18,17:15:00,32.867,-117.257,0,Scripps Pier,NaN,NaN,0.8,0.86,0.87,0.85,NaN,NaN,NaN,NaN,1.45,0.19,0.73,0.74,0.71,0.54,NaN,NaN,NaN,5.1,NaN,14.5
2008,12,22,17:10:00,32.867,-117.257,0,Scripps Pier,0,0,0.74,1.61,1.6,1.62,200,80,NaN,0,1.25,0.19,0.83,0.77,0.88,0.5,2480,2240,0,5.2,50,14.5
2008,12,25,16:55:00,32.867,-117.257,0,Scripps Pier,NaN,NaN,0.61,1.93,1.93,1.93,NaN,NaN,NaN,NaN,1.41,0.18,1.03,0.97,1.09,0.5,NaN,NaN,NaN,5.5,NaN,14.4
2008,12,29,17:15:00,32.867,-117.257,0,Scripps Pier,320,0,0.82,1.4,1.4,1.39,200,0,NaN,0,2.57,0.26,0.75,0.74,0.75,0.59,1600,4000,0,6.6,50,13.7
2009,1,1,17:50:00,32.867,-117.257,0,Scripps Pier,NaN,NaN,0.39,3.83,3.91,3.74,NaN,NaN,NaN,NaN,1.29,0.15,1.12,1.03,1.2,0.45,NaN,NaN,NaN,6.1,NaN,14
2009,1,5,17:56:00,32.867,-117.257,0,Scripps Pier,5600,0,0.78,2.64,2.69,2.58,200,400,NaN,600,1.23,0.16,1,0.88,1.11,0.5,7200,15400,0,6,10,13.4
2009,1,8,18:15:00,32.867,-117.257,0,Scripps Pier,3636,0,0.48,2.53,2.52,2.53,200,0,NaN,0,0.49,0.09,0.61,0.68,0.54,0.41,7273,8485,0,5.1,10,13.9
2009,1,12,17:55:00,32.867,-117.257,0,Scripps Pier,6640,0,0.47,2.55,2.6,2.5,200,320,NaN,80,0.29,0.06,0.44,0.43,0.44,0.37,8320,8560,2080,5.1,50,14
2009,1,15,17:10:00,32.867,-117.257,0,Scripps Pier,720,0,0.53,1.19,1.18,1.19,NaN,0,NaN,80,0.24,0.04,0.42,0.41,0.42,0.35,1280,5600,0,4.9,50,14.2
2009,1,20,17:25:00,32.867,-117.257,0,Scripps Pier,1680,80,0.7,1.69,1.71,1.67,200,80,NaN,0,0.15,0.04,0.57,0.56,0.58,0.34,3920,3680,1520,4.4,50,14.5
2009,1,22,17:10:00,32.867,-117.257,0,Scripps Pier,NaN,NaN,0.73,1.1,1.12,1.07,200,NaN,NaN,NaN,0.05,0.03,0.63,0.62,0.63,0.33,NaN,NaN,NaN,4.5,NaN,14.6
2009,1,26,17:00:00,32.867,-117.257,0,Scripps Pier,909,606,1.03,1.39,1.4,1.38,200,909,NaN,0,0.42,0.04,1.31,1.31,1.31,0.41,3939,1818,0,5,10,14.3
2009,1,29,17:25:00,32.867,-117.257,0,Scripps Pier,3333,0,1.26,1.13,1.17,1.09,NaN,606,NaN,0,0.85,0.13,0.57,0.52,0.61,0.44,6364,3939,909,5.4,10,14.1
2009,2,2,18:10:00,32.867,-117.257,0,Scripps Pier,909,303,1.03,1.68,1.69,1.66,200,0,NaN,0,0.38,0.05,0.78,0.77,0.79,0.39,21212,13030,0,5.7,10,14.4
2009,2,5,17:30:00,32.867,-117.257,0,Scripps Pier,NaN,NaN,1.01,1.68,1.71,1.65,NaN,NaN,NaN,NaN,0.08,0.03,0.78,0.77,0.78,0.35,NaN,NaN,NaN,5.8,NaN,14.4
2009,2,9,17:15:00,32.867,-117.257,0,Scripps Pier,0,0,1.32,1.22,1.23,1.21,200,303,NaN,0,0.13,0.03,0.61,0.62,0.59,0.39,18182,8182,9394,5.2,10,14.5
2009,2,12,17:05:00,32.867,-117.257,0,Scripps Pier,606,0,1.4,1.23,1.22,1.23,200,0,NaN,0,0.51,0.06,1.03,1.16,0.9,0.41,12727,6667,2121,6,10,14.2
2009,2,16,17:10:00,32.867,-117.257,0,Scripps Pier,909,0,1.39,2.3,2.28,2.32,200,303,NaN,0,1.7,0.14,1.02,0.98,1.05,0.53,23636,11818,0,6.7,10,13.8
2009,2,19,17:35:00,32.867,-117.257,0,Scripps Pier,NaN,NaN,0.87,1.54,1.54,1.54,NaN,NaN,NaN,NaN,1.16,0.1,0.78,0.75,0.8,0.45,NaN,NaN,NaN,6.3,NaN,14.1
2009,2,23,17:10:00,32.867,-117.257,0,Scripps Pier,0,0,1.07,1.91,1.86,1.96,200,0,NaN,0,0.28,0.08,0.72,0.75,0.69,0.35,45455,3030,0,6.4,10,14.3
2009,2,26,17:20:00,32.867,-117.257,0,Scripps Pier,NaN,NaN,0.36,1.95,1.93,1.96,NaN,NaN,NaN,NaN,0.18,0.06,0.98,1.01,0.95,0.32,NaN,NaN,NaN,7.6,NaN,14.4
2009,3,2,17:10:00,32.867,-117.257,0,Scripps Pier,909,0,0.1,2.43,2.34,2.52,200,303,NaN,303,0,0.03,0.57,0.6,0.54,0.2,56667,10606,7576,7.6,10,14.9
2009,3,5,17:20:00,32.867,-117.257,0,Scripps Pier,NaN,NaN,0.49,2.1,2.09,2.1,NaN,NaN,NaN,NaN,0.16,0.06,0.71,0.67,0.74,0.25,NaN,NaN,NaN,7.3,NaN,14.9
2009,3,9,15:15:00,32.867,-117.257,0,Scripps Pier,5455,2121,0.16,4.99,4.91,5.06,200,1212,NaN,0,0,0.03,0.92,0.98,0.86,0.2,186970,13636,8182,6.9,10,14.5
2009,3,12,15:55:00,32.867,-117.257,0,Scripps Pier,NaN,NaN,0.13,4.7,4.67,4.73,NaN,NaN,NaN,NaN,0.03,0.02,0.96,0.91,1.01,0.23,NaN,NaN,NaN,7.2,NaN,14.5
2009,3,16,15:15:00,32.867,-117.257,0,Scripps Pier,0,800,0.21,5.24,5.15,5.32,200,400,NaN,400,0.07,0.01,0.65,0.8,0.49,0.19,233200,18400,3200,7.2,10,14.7
2009,3,19,15:59:00,32.867,-117.257,0,Scripps Pier,NaN,NaN,0.18,4.36,4.3,4.41,NaN,NaN,NaN,NaN,0.3,0.05,0.82,0.79,0.85,0.3,NaN,NaN,NaN,7.7,NaN,14.7
2009,3,23,15:10:00,32.867,-117.257,0,Scripps Pier,303,606,0.45,6.27,6.23,6.3,200,1212,NaN,606,1.7,0.15,1.49,1.35,1.62,0.46,223030,7273,3030,8.5,10,14.3
2009,3,26,15:30:00,32.867,-117.257,0,Scripps Pier,NaN,NaN,0.6,4.91,4.91,4.91,NaN,NaN,NaN,NaN,2,0.17,0.95,0.93,0.96,0.45,NaN,NaN,NaN,8.8,NaN,14.3
2009,3,30,15:50:00,32.867,-117.257,0,Scripps Pier,303,0,0.49,3.24,3.26,3.21,200,303,NaN,303,0.92,0.08,1.46,1.38,1.53,0.35,59091,11818,3939,8.5,10,14.4
2009,4,2,14:50:00,32.867,-117.257,0,Scripps Pier,NaN,NaN,0.38,2.13,2.11,2.15,NaN,NaN,NaN,NaN,0.53,0.03,1.31,1.3,1.31,0.34,NaN,NaN,NaN,8.2,NaN,15.2
2009,4,6,15:05:00,32.867,-117.257,0,Scripps Pier,0,0,0.58,1.77,1.74,1.79,200,0,NaN,0,0.54,0.03,0.48,0.48,0.47,0.27,57576,2424,2121,8.3,10,15.9
2009,4,9,15:35:00,32.867,-117.257,0,Scripps Pier,NaN,NaN,0.19,2.67,2.78,2.56,NaN,NaN,NaN,NaN,0.07,0.03,0.72,0.72,0.72,0.31,NaN,NaN,NaN,8.6,NaN,16.2
2009,4,13,15:10:00,32.867,-117.257,0,Scripps Pier,0,0,0.24,1.99,2.03,1.95,200,0,NaN,0,1.74,0.12,0.56,0.55,0.56,0.44,29394,1818,1515,9.6,10,15.3
2009,4,16,15:30:00,32.867,-117.257,0,Scripps Pier,NaN,NaN,0.27,5.95,6.02,5.88,NaN,NaN,NaN,NaN,2.97,0.16,1.24,1.17,1.3,0.51,NaN,NaN,NaN,10,NaN,14.3
2009,4,20,15:15:00,32.867,-117.257,0,Scripps Pier,0,0,0.11,1.82,1.82,1.82,200,0,0.22,0,0.25,0.03,0.37,0.36,0.38,0.03,13333,346364,115152,2.2,10,16.7
2009,4,23,15:20:00,32.867,-117.257,0,Scripps Pier,0,0,0.68,4.91,4.93,4.89,NaN,909,NaN,0,0.41,0.02,0.85,0.87,0.83,0.12,27576,130606,96364,2.2,10,16.2
2009,4,27,15:10:00,32.867,-117.257,0,Scripps Pier,0,0,1,1.66,1.67,1.65,200,0,0.07,0,3.96,0.14,1.21,1.15,1.27,0.6,8788,29091,16667,7.7,10,15.8
2009,4,30,15:30:00,32.867,-117.257,0,Scripps Pier,NaN,NaN,0.46,2.16,2.14,2.17,NaN,NaN,NaN,NaN,0.53,0.06,0.76,0.72,0.8,0.32,NaN,NaN,NaN,3.6,NaN,16.8
2009,5,4,15:10:00,32.867,-117.257,0,Scripps Pier,0,0,0.32,3.82,3.78,3.85,200,606,0.05,0,0.3,0.04,0.67,0.68,0.66,0.17,11818,30909,2121,2.3,10,17.7
2009,5,7,16:00:00,32.867,-117.257,0,Scripps Pier,NaN,NaN,0.44,1.94,1.91,1.97,NaN,NaN,NaN,NaN,0.21,0.05,0.47,0.46,0.47,0.07,NaN,NaN,NaN,2.1,NaN,18.6
2009,5,11,15:15:00,32.867,-117.257,0,Scripps Pier,0,0,0.19,4.45,4.5,4.39,200,0,0.05,0,0.17,0.02,0.9,0.84,0.96,0.07,37576,55152,0,1.6,10,18.9
2009,5,14,15:35:00,32.867,-117.257,0,Scripps Pier,NaN,NaN,0.18,3.18,3.26,3.1,NaN,NaN,NaN,NaN,0.13,0.03,0.93,0.85,1.01,0.04,NaN,NaN,NaN,1.7,NaN,18.7
2009,5,18,15:10:00,32.867,-117.257,0,Scripps Pier,0,0,0.17,2.88,2.94,2.81,200,0,NaN,0,0.12,0.02,0.96,0.88,1.04,0.03,22121,73939,0,1.5,10,19.3
2009,5,21,15:45:00,32.867,-117.257,0,Scripps Pier,NaN,NaN,1.47,1.87,1.84,1.89,NaN,NaN,NaN,NaN,0.26,0.03,0.63,0.6,0.65,0.15,NaN,NaN,NaN,1.9,NaN,19
2009,5,25,16:11:00,32.867,-117.257,0,Scripps Pier,0,0,0.32,1.06,1.07,1.05,200,0,NaN,0,0.1,0,0.39,0.41,0.37,0.1,4545,11212,0,2.3,10,20.2
2009,5,29,15:30:00,32.867,-117.257,0,Scripps Pier,NaN,NaN,0.54,1.43,1.43,1.43,NaN,NaN,NaN,NaN,0.17,0.01,0.79,0.79,0.79,0.1,NaN,NaN,NaN,2.2,NaN,19.4
2009,6,1,15:15:00,32.867,-117.257,0,Scripps Pier,0,0,0.66,1.86,1.84,1.88,200,0,NaN,0,0.29,0.02,0.88,0.88,0.88,0.13,10606,6364,606,3.1,10,19
2009,6,4,15:10:00,32.867,-117.257,0,Scripps Pier,NaN,NaN,0.31,1.34,1.34,1.34,NaN,NaN,NaN,NaN,0.08,0,0.57,0.57,0.57,0.09,NaN,NaN,NaN,3.1,NaN,19.5
2009,6,8,15:10:00,32.867,-117.257,0,Scripps Pier,0,0,1.26,1.8,1.79,1.81,200,0,NaN,0,0.99,0.04,0.68,0.65,0.7,0.26,1818,351818,16364,5.7,10,19.5
2009,6,11,15:30:00,32.867,-117.257,0,Scripps Pier,NaN,NaN,0.55,1.41,1.44,1.38,NaN,NaN,NaN,NaN,0.11,0,0.46,0.44,0.48,0.23,NaN,NaN,NaN,7.1,NaN,18.2
2009,6,15,15:10:00,32.867,-117.257,0,Scripps Pier,0,0,0.22,0.91,0.91,0.9,200,0,NaN,0,0.11,0.02,0.2,0.17,0.22,0.25,0,23636,0,6.9,10,19.9
2009,6,18,17:51:00,32.867,-117.257,0,Scripps Pier,NaN,NaN,0.49,1.67,1.67,1.66,NaN,NaN,NaN,NaN,0.21,0.03,0.51,0.51,0.51,0.24,NaN,NaN,NaN,7,NaN,20.7
2009,6,22,15:14:00,32.867,-117.257,0,Scripps Pier,0,303,0.11,1.26,1.27,1.24,200,0,NaN,0,0.11,0.02,0.58,0.58,0.57,0.26,606,14545,0,6.1,10,20.6
2009,6,25,17:35:00,32.867,-117.257,0,Scripps Pier,NaN,NaN,0.14,1.31,1.28,1.33,NaN,NaN,NaN,NaN,0.15,0.02,0.45,0.45,0.44,0.23,NaN,NaN,NaN,5.5,NaN,21.3
2009,6,29,15:10:00,32.867,-117.257,0,Scripps Pier,0,0,0.13,1.88,1.84,1.92,200,0,NaN,606,0.08,0.01,0.63,0.59,0.67,0.29,1818,5455,0,4.9,10,20.3
2009,7,2,15:45:00,32.867,-117.257,0,Scripps Pier,NaN,NaN,0.28,2.08,2.09,2.07,NaN,NaN,NaN,NaN,0.1,0.01,0.47,0.45,0.49,0.26,NaN,NaN,NaN,5.4,NaN,19.3
2009,7,6,15:15:00,32.867,-117.257,0,Scripps Pier,0,0,0.36,3.24,3.21,3.26,200,303,0.06,2424,0.34,0.04,0.82,0.84,0.79,0.32,17879,56061,0,5,10,18
2009,7,9,16:40:00,32.867,-117.257,0,Scripps Pier,NaN,NaN,0.13,1.8,1.79,1.8,NaN,NaN,NaN,NaN,0.09,0.01,0.45,0.43,0.46,0.28,NaN,NaN,NaN,3.7,NaN,19.7
2009,7,13,15:15:00,32.867,-117.257,0,Scripps Pier,0,0,0.16,2.41,2.45,2.37,200,0,NaN,303,0.08,0.04,0.44,0.4,0.47,0.2,7879,59091,909,1.3,10,20.9
2009,7,16,15:50:00,32.867,-117.257,0,Scripps Pier,NaN,NaN,0,4.14,4.21,4.07,NaN,NaN,NaN,NaN,0.06,0.01,0.66,0.62,0.7,0.17,NaN,NaN,NaN,0.7,NaN,20.8
2009,7,20,15:10:00,32.867,-117.257,0,Scripps Pier,0,0,0.15,2.41,2.42,2.4,200,0,NaN,0,0.07,0.03,0.3,0.28,0.31,0.13,1200,12800,0,0.7,10,20.9
2009,7,23,16:05:00,32.867,-117.257,0,Scripps Pier,NaN,NaN,0.23,0.57,0.56,0.58,NaN,NaN,NaN,NaN,0.08,0.01,0.14,0.13,0.15,0.07,NaN,NaN,NaN,0.5,NaN,23.4
2009,7,27,15:15:00,32.867,-117.257,0,Scripps Pier,0,0,0.27,1.04,1.06,1.01,200,0,NaN,0,0.14,0,0.26,0.25,0.26,0.13,9697,2121,0,1,10,24.5
2009,7,30,17:05:00,32.867,-117.257,0,Scripps Pier,NaN,NaN,0.24,0.95,0.95,0.94,NaN,NaN,NaN,NaN,0.11,0.01,0.33,0.33,0.33,0.14,NaN,NaN,NaN,1,NaN,23.5
2009,8,3,15:10:00,32.867,-117.257,0,Scripps Pier,0,0,0.36,0.93,0.92,0.93,200,0,NaN,0,0.1,0.01,0.48,0.47,0.48,0.21,606,0,0,1,10,23.5
2009,8,6,16:07:00,32.867,-117.257,0,Scripps Pier,NaN,NaN,0.19,1.09,1.09,1.09,200,NaN,NaN,NaN,0.08,0,0.5,0.5,0.5,0.16,NaN,NaN,NaN,1.1,NaN,23.7
2009,8,10,15:20:00,32.867,-117.257,0,Scripps Pier,0,0,0.71,0.69,0.68,0.7,200,0,NaN,0,0.09,0,0.23,0.23,0.23,0.18,303,0,0,1.3,10,23
2009,8,13,15:15:00,32.867,-117.257,0,Scripps Pier,NaN,NaN,0.21,0.9,0.89,0.9,NaN,NaN,NaN,NaN,0.06,0,0.32,0.32,0.32,0.16,NaN,NaN,NaN,0.9,NaN,22
2009,8,17,15:05:00,32.867,-117.257,0,Scripps Pier,0,0,0.18,0.93,0.92,0.93,200,0,0.41,0,0.08,0.01,0.45,0.44,0.45,0.2,1515,0,0,1.1,10,22.1
2009,8,20,15:15:00,32.867,-117.257,0,Scripps Pier,NaN,NaN,0.8,0.99,1.01,0.97,NaN,NaN,NaN,NaN,0.18,0,0.37,0.36,0.38,0.16,NaN,NaN,NaN,0.8,NaN,22.3
2009,8,24,15:10:00,32.867,-117.257,0,Scripps Pier,0,0,0.3,1.08,1.09,1.06,200,303,NaN,0,0.09,0,0.51,0.49,0.52,0.12,1818,1212,0,1.2,10,22.8
2009,8,27,15:10:00,32.867,-117.257,0,Scripps Pier,NaN,NaN,0.2,0.76,0.76,0.75,NaN,NaN,NaN,NaN,0.06,0.01,0.33,0.32,0.34,0.14,NaN,NaN,NaN,1.2,NaN,22.1
2009,8,31,15:15:00,32.867,-117.257,0,Scripps Pier,0,0,0.28,0.91,0.91,0.91,200,0,NaN,0,0.07,0.01,0.33,0.33,0.32,0.12,2424,0,0,1,10,23.8
2009,9,3,15:15:00,32.867,-117.257,0,Scripps Pier,NaN,NaN,0.28,0.73,0.73,0.73,NaN,NaN,NaN,NaN,0.27,0.04,0.4,0.39,0.4,0.17,NaN,NaN,NaN,1.5,NaN,25.1
2009,9,7,15:15:00,32.867,-117.257,0,Scripps Pier,0,0,0.15,1.01,0.99,1.02,200,0,NaN,0,0.18,0.01,0.41,0.4,0.42,0.23,4242,0,0,1.2,10,24.7
2009,9,10,15:15:00,32.867,-117.257,0,Scripps Pier,NaN,NaN,0.11,0.71,0.7,0.71,NaN,NaN,NaN,NaN,0.14,0,0.39,0.38,0.39,0.23,NaN,NaN,NaN,1,NaN,23.7
2009,9,14,15:15:00,32.867,-117.257,0,Scripps Pier,0,0,0.24,0.57,0.56,0.57,200,0,NaN,0,0.1,0.01,0.29,0.29,0.29,0.22,2727,0,0,1,10,22.3
2009,9,17,15:10:00,32.867,-117.257,0,Scripps Pier,NaN,NaN,0.25,0.65,0.65,0.64,NaN,NaN,NaN,NaN,0.09,0,0.23,0.22,0.23,0.21,NaN,NaN,NaN,1.2,NaN,22.3
2009,9,21,15:15:00,32.867,-117.257,0,Scripps Pier,0,0,0.2,1.01,1.02,0.99,200,0,NaN,0,0.06,0,0.38,0.37,0.38,0.19,4242,0,0,1.4,10,22.8
2009,9,24,16:40:00,32.867,-117.257,0,Scripps Pier,NaN,NaN,0.08,1.03,1.03,1.02,NaN,NaN,NaN,NaN,0.06,0.01,0.32,0.31,0.32,0.23,NaN,NaN,NaN,1.5,NaN,21.6
2009,9,28,15:10:00,32.867,-117.257,0,Scripps Pier,0,0,0.23,0.76,0.74,0.77,200,0,NaN,0,0.06,0.01,0.33,0.32,0.34,0.24,606,0,0,2,10,21.4
2009,10,1,17:10:00,32.867,-117.257,0,Scripps Pier,NaN,NaN,0.24,0.63,0.63,0.63,NaN,NaN,NaN,NaN,0.04,0,0.24,0.23,0.25,0.24,NaN,NaN,NaN,2,NaN,21.1
2009,10,5,15:10:00,32.867,-117.257,0,Scripps Pier,0,0,0.23,0.79,0.78,0.79,200,0,NaN,0,0.02,0.02,0.37,0.36,0.37,0.31,2121,0,0,1.5,10,20.1
2009,10,8,16:55:00,32.867,-117.257,0,Scripps Pier,NaN,NaN,0,1.25,1.25,1.25,NaN,NaN,NaN,NaN,0.04,0,0.42,0.4,0.43,0.29,NaN,NaN,NaN,2.3,NaN,18.8
2009,10,12,15:10:00,32.867,-117.257,0,Scripps Pier,0,0,0.5,0.95,0.93,0.96,200,909,NaN,1515,0.03,0,0.32,0.31,0.33,0.34,5152,1212,0,2.7,10,18.3
2009,10,15,17:20:00,32.867,-117.257,0,Scripps Pier,NaN,NaN,0.24,1.5,1.49,1.5,NaN,NaN,NaN,NaN,0.03,0.01,0.39,0.4,0.38,0.32,NaN,NaN,NaN,2.2,NaN,18.8
2009,10,19,15:10:00,32.867,-117.257,0,Scripps Pier,0,0,0.2,1.16,1.17,1.14,200,0,NaN,909,0,0,0.52,0.5,0.53,0.3,0,6364,0,2.2,10,19.1
2009,10,22,17:20:00,32.867,-117.257,0,Scripps Pier,NaN,NaN,0.16,1.11,1.1,1.11,NaN,NaN,NaN,NaN,0.05,0.01,0.67,0.64,0.7,0.35,NaN,NaN,NaN,2.3,NaN,19
2009,10,26,15:15:00,32.867,-117.257,0,Scripps Pier,0,0,0.21,1.07,1.07,1.07,200,606,NaN,1818,0.05,0.03,0.6,0.6,0.6,0.34,3333,3636,909,2.5,10,19.5
2009,10,29,17:15:00,32.867,-117.257,0,Scripps Pier,NaN,NaN,0.07,1.13,1.16,1.09,NaN,NaN,NaN,NaN,0.17,0.05,0.61,0.58,0.64,0.46,NaN,NaN,NaN,3.5,NaN,16.6
2009,11,2,17:10:00,32.867,-117.257,0,Scripps Pier,0,0,0,1.24,1.23,1.24,200,303,NaN,606,0.06,0.04,0.44,0.44,0.43,0.38,7576,8788,0,3.5,10,16.7
2009,11,5,19:05:00,32.867,-117.257,0,Scripps Pier,NaN,NaN,0,1.33,1.34,1.31,NaN,NaN,NaN,NaN,0.06,0.01,0.37,0.36,0.38,0.38,NaN,NaN,NaN,3.2,NaN,17.8
2009,11,9,17:09:00,32.867,-117.257,0,Scripps Pier,0,0,0.01,0.78,0.79,0.76,200,0,NaN,303,0.14,0.03,0.34,0.34,0.34,0.33,2424,2121,303,2.9,10,17.1
2009,11,12,18:55:00,32.867,-117.257,0,Scripps Pier,NaN,NaN,0.19,0.69,0.69,0.69,NaN,NaN,NaN,NaN,0.15,0.06,0.28,0.28,0.28,0.34,NaN,NaN,NaN,3.1,NaN,17.3
2009,11,16,17:10:00,32.867,-117.257,0,Scripps Pier,0,0,0.07,1.09,1.09,1.09,200,0,NaN,3030,0.12,0.03,0.3,0.29,0.3,0.36,3939,303,0,2.9,10,17.2
2009,11,19,19:25:00,32.867,-117.257,0,Scripps Pier,NaN,NaN,0.02,1.26,1.27,1.25,NaN,NaN,NaN,NaN,0.14,0.03,0.52,0.51,0.53,0.34,NaN,NaN,NaN,2.7,NaN,17.4
2009,11,23,17:15:00,32.867,-117.257,0,Scripps Pier,0,0,0.3,1.51,1.53,1.49,200,606,NaN,4242,0.19,0.05,0.61,0.61,0.6,0.33,3030,1212,0,3.1,10,16.7
2009,11,25,16:10:00,32.867,-117.257,0,Scripps Pier,NaN,NaN,0.06,1.31,1.31,1.31,NaN,NaN,NaN,NaN,0.16,0.04,0.46,0.48,0.44,0.31,NaN,NaN,NaN,2.8,NaN,16.7
2009,11,30,17:10:00,32.867,-117.257,0,Scripps Pier,0,0,0.3,0.97,0.96,0.98,200,0,NaN,606,0.33,0.06,0.52,0.54,0.5,0.31,0,606,0,3.1,10,16.4
2009,12,3,20:05:00,32.867,-117.257,0,Scripps Pier,NaN,NaN,0.22,1.26,1.27,1.25,NaN,NaN,NaN,NaN,0.57,0.09,0.55,0.55,0.54,0.42,NaN,NaN,NaN,3.6,NaN,16.1
2009,12,7,17:35:00,32.867,-117.257,0,Scripps Pier,0,0,0.13,1.97,1.95,1.98,200,0,NaN,303,0.68,0.11,1.07,0.92,1.22,0.41,303,1212,0,4,10,15.4
2009,12,10,19:34:00,32.867,-117.257,0,Scripps Pier,NaN,NaN,0.56,1.24,1.19,1.28,NaN,NaN,NaN,NaN,0.66,0.08,0.65,0.68,0.61,0.42,NaN,NaN,NaN,3.9,NaN,15.4
2009,12,14,17:15:00,32.867,-117.257,0,Scripps Pier,0,0,0.53,0.83,0.81,0.84,200,0,NaN,0,0.51,0.08,0.66,0.67,0.65,0.44,909,6970,0,3.8,10,15.4
2009,12,17,17:15:00,32.867,-117.257,0,Scripps Pier,NaN,NaN,0.56,1.48,1.5,1.45,NaN,NaN,NaN,NaN,0.45,0.07,0.77,0.77,0.77,0.43,NaN,NaN,NaN,4,NaN,15.4
2009,12,21,17:15:00,32.867,-117.257,0,Scripps Pier,0,0,0.31,1.16,1.19,1.12,200,606,NaN,1515,0.47,0.1,0.71,0.73,0.69,0.4,909,3939,0,4.2,10,15.2
2009,12,28,17:10:00,32.867,-117.257,0,Scripps Pier,0,0,0.07,1.73,1.77,1.69,200,0,NaN,1515,0.6,0.11,0.69,0.67,0.7,0.42,909,3030,0,3.7,10,14.8
2010,1,4,16:10:00,32.867,-117.257,0,Scripps Pier,0,0,0.11,1.75,1.86,1.64,200,0,NaN,303,0.78,0.16,0.77,0.67,0.86,0.45,2424,5455,0,4.4,10,14.7
2010,1,7,16:10:00,32.867,-117.257,0,Scripps Pier,NaN,NaN,0.45,1.77,1.73,1.81,NaN,NaN,NaN,NaN,1.02,0.18,0.86,0.87,0.85,0.49,NaN,NaN,NaN,4.5,NaN,14.8
2010,1,11,16:10:00,32.867,-117.257,0,Scripps Pier,0,0,0.21,0.81,0.82,0.79,200,0,NaN,0,0.36,0.06,0.47,0.47,0.46,0.4,0,1818,0,3.7,10,15.1
2010,1,14,16:10:00,32.867,-117.257,0,Scripps Pier,NaN,NaN,0.63,0.69,0.68,0.69,NaN,NaN,NaN,NaN,0.66,0.17,0.54,0.54,0.54,0.47,NaN,NaN,NaN,4.4,NaN,15.1
2010,1,19,16:12:00,32.867,-117.257,0,Scripps Pier,0,0,0.32,0.89,0.91,0.86,200,0,NaN,606,0.8,0.14,0.6,0.54,0.65,0.44,0,4242,0,3.7,10,15.2
2010,1,22,16:15:00,32.867,-117.257,0,Scripps Pier,NaN,NaN,0.52,0.85,0.88,0.82,NaN,NaN,NaN,NaN,1.25,0.17,1.17,1.17,1.16,0.55,NaN,NaN,NaN,3.9,NaN,14.8
2010,1,25,16:10:00,32.867,-117.257,0,Scripps Pier,0,0,0.8,0.84,0.82,0.85,200,0,NaN,2424,1.06,0.2,0.5,0.49,0.51,0.56,606,2424,0,4.2,10,15
2010,1,28,16:15:00,32.867,-117.257,0,Scripps Pier,NaN,NaN,0.26,2.14,2.16,2.11,NaN,NaN,NaN,NaN,1.1,0.21,0.8,0.82,0.78,0.52,NaN,NaN,NaN,4.5,NaN,15.2
2010,2,1,16:10:00,32.867,-117.257,0,Scripps Pier,0,0,0,2.22,2.17,2.26,200,0,NaN,3333,0.7,0.19,0.74,0.68,0.8,0.41,1515,2727,0,4.1,10,15.1
2010,2,4,16:10:00,32.867,-117.257,0,Scripps Pier,NaN,NaN,0.2,1.28,1.29,1.27,NaN,NaN,NaN,NaN,0.49,0.1,0.72,0.72,0.72,0.37,NaN,NaN,NaN,4.2,NaN,15.3
2010,2,8,16:15:00,32.867,-117.257,0,Scripps Pier,0,0,0.31,1.21,1.26,1.15,200,0,NaN,1818,0.86,0.18,0.71,0.72,0.7,0.46,1515,5758,0,3.9,10,14.9
2010,2,11,16:10:00,32.867,-117.257,0,Scripps Pier,NaN,NaN,0.14,1.75,1.8,1.7,NaN,NaN,NaN,NaN,0.58,0.1,0.62,0.58,0.66,0.38,NaN,NaN,NaN,3.6,NaN,15.1
2010,2,16,16:10:00,32.867,-117.257,0,Scripps Pier,0,0,0,1.54,1.58,1.5,200,0,NaN,7273,0.43,0.06,1.17,1.14,1.19,0.33,8182,1818,0,3.8,10,15.2
2010,2,18,16:15:00,32.867,-117.257,0,Scripps Pier,NaN,NaN,0.04,1.31,1.29,1.33,NaN,NaN,NaN,NaN,0.45,0.04,0.52,0.5,0.53,0.3,NaN,NaN,NaN,3.6,NaN,15.6
2010,2,22,16:10:00,32.867,-117.257,0,Scripps Pier,0,0,0.16,0.95,0.91,0.98,200,0,NaN,303,0.52,0.03,0.45,0.46,0.44,0.35,1515,4242,0,3.3,10,15.6
2010,2,26,17:10:00,32.867,-117.257,0,Scripps Pier,NaN,NaN,0.05,4.77,4.33,5.2,NaN,NaN,NaN,NaN,0.53,0.05,0.42,0.42,0.42,0.39,NaN,NaN,NaN,4,NaN,15.4
2010,3,1,16:10:00,32.867,-117.257,0,Scripps Pier,0,0,0.12,2.92,2.96,2.88,200,303,NaN,18182,0.53,0.05,0.56,0.56,0.55,0.36,9091,303,0,3.7,10,15.4
2010,3,4,16:10:00,32.867,-117.257,0,Scripps Pier,NaN,NaN,0.17,3.02,3.07,2.96,NaN,NaN,NaN,NaN,0.04,0.02,0.8,0.75,0.84,0.36,NaN,NaN,NaN,6.4,NaN,15.7
2010,3,8,16:15:00,32.867,-117.257,0,Scripps Pier,0,0,0.3,1.24,1.25,1.23,200,0,NaN,3030,0.09,0.03,0.6,0.59,0.6,0.34,303,3333,0,5.4,10,15.4
2010,3,11,16:10:00,32.867,-117.257,0,Scripps Pier,NaN,NaN,0.27,3.2,3.17,3.23,NaN,NaN,NaN,NaN,2.64,0.28,0.86,0.81,0.9,0.54,NaN,NaN,NaN,8.2,NaN,14.4
2010,3,15,15:15:00,32.867,-117.257,0,Scripps Pier,0,0,0.2,8.36,8.43,8.29,200,1212,NaN,35455,2.09,0.19,1.41,1.36,1.46,0.49,31818,2727,0,8.9,10,14.3
2010,3,18,15:10:00,32.867,-117.257,0,Scripps Pier,0,0,0.18,7.66,7.75,7.56,NaN,588,NaN,17059,0.24,0.07,1.59,1.49,1.68,0.25,23529,69412,250588,4.8,10,14.5
2010,3,22,15:10:00,32.867,-117.257,0,Scripps Pier,0,0,0.54,2.12,2.08,2.16,200,303,0.19,3636,0.07,0.04,0.69,0.72,0.66,0.22,16667,130000,69091,2.9,10,15.7
2010,3,25,15:10:00,32.867,-117.257,0,Scripps Pier,NaN,NaN,0.22,0.86,0.83,0.88,NaN,NaN,NaN,NaN,0.01,0,0.16,0.23,0.09,0.23,NaN,NaN,NaN,2.5,NaN,16.3
2010,3,29,15:45:00,32.867,-117.257,0,Scripps Pier,0,0,0.2,2.08,2.05,2.1,200,2727,NaN,5758,0.01,0.02,0.12,0.13,0.11,0.22,95758,10303,606,2.7,10,16.6
2010,4,1,15:40:00,32.867,-117.257,0,Scripps Pier,NaN,NaN,0.38,2.17,2.18,2.15,NaN,NaN,NaN,NaN,0.17,0.01,1.07,0.98,1.16,0.32,NaN,NaN,NaN,3.9,NaN,15.7
2010,4,5,16:05:00,32.867,-117.257,0,Scripps Pier,0,0,0.29,3.18,3.23,3.12,200,303,NaN,16061,0.05,0.01,0.76,0.76,0.76,0.33,31212,1212,0,4.9,10,16.1
2010,4,8,15:15:00,32.867,-117.257,0,Scripps Pier,NaN,NaN,0.38,2.27,2.2,2.33,NaN,NaN,NaN,NaN,0.13,0.03,0.79,0.76,0.81,0.35,NaN,NaN,NaN,5.3,NaN,15.7
2010,4,12,15:30:00,32.867,-117.257,0,Scripps Pier,0,0,0.56,2.26,2.24,2.28,200,606,NaN,13939,0.13,0.01,0.5,0.45,0.54,0.33,10303,303,0,3.8,10,15.8
2010,4,15,16:20:00,32.867,-117.257,0,Scripps Pier,NaN,NaN,0.29,2.44,2.41,2.47,NaN,NaN,NaN,NaN,0.08,0.02,0.42,0.4,0.43,0.33,NaN,NaN,NaN,3.8,NaN,16.8
2010,4,19,15:05:00,32.867,-117.257,0,Scripps Pier,0,0,1.31,2.4,2.39,2.4,200,303,NaN,15455,0.14,0.03,0.39,0.37,0.41,0.38,22424,3030,0,4,10,16.7
2010,4,22,16:05:00,32.867,-117.257,0,Scripps Pier,NaN,NaN,0.41,3.61,3.62,3.6,NaN,NaN,NaN,NaN,0.34,0.05,1.03,1.01,1.04,0.4,NaN,NaN,NaN,6.1,NaN,16.1
2010,4,26,16:15:00,32.867,-117.257,0,Scripps Pier,0,0,0.4,20.46,20.5,20.41,200,2424,0.08,236970,0.32,0.05,-0.71,-0.69,-0.72,0.48,90303,47576,10000,8.4,10,14.8
2010,4,30,16:50:00,32.867,-117.257,0,Scripps Pier,NaN,NaN,0.26,10.92,11.18,10.65,200,NaN,0.09,NaN,5.44,0.16,0.36,0.04,0.68,0.76,NaN,NaN,NaN,11.1,NaN,14.8
2010,5,3,16:15:00,32.867,-117.257,0,Scripps Pier,400,0,0.66,20.46,20.29,20.63,200,3600,0.09,191200,0.06,0.02,0.15,0.83,-0.54,0.26,88400,369600,22400,2.4,10,15.7
2010,5,6,17:10:00,32.867,-117.257,0,Scripps Pier,NaN,NaN,0.41,12.2,12.09,12.31,200,NaN,NaN,NaN,0.28,0.02,1.01,0.95,1.06,0.42,NaN,NaN,NaN,4.2,NaN,15.3
2010,5,10,16:20:00,32.867,-117.257,0,Scripps Pier,400,0,0.18,9.53,10.06,8.99,200,2400,NaN,110000,0.03,0.01,0.12,-0.64,0.87,0.26,39200,6000,1600,2.6,10,16.7
2010,5,13,15:10:00,32.867,-117.257,0,Scripps Pier,NaN,NaN,0.45,6.8,6.74,6.85,200,NaN,NaN,NaN,0.04,0.01,0.55,0.6,0.49,0.18,NaN,NaN,NaN,3.4,NaN,17.3
2010,5,17,17:15:00,32.867,-117.257,0,Scripps Pier,400,0,0.29,18.26,18.6,17.92,200,1200,0.12,210800,0.02,0,0.62,0.45,0.78,0.22,28400,12000,1200,3.1,10,16.8
2010,5,20,15:10:00,32.867,-117.257,0,Scripps Pier,NaN,NaN,0.35,6.97,6.99,6.94,NaN,NaN,NaN,NaN,0.06,0.02,0.53,0.44,0.61,0.26,NaN,NaN,NaN,4,NaN,17.1
2010,5,24,16:15:00,32.867,-117.257,0,Scripps Pier,400,0,0.23,11.08,10.79,11.37,200,1200,0.04,201200,0.46,0.04,0.43,0.54,0.32,0.37,30400,10400,1200,5.9,10,16.9
2010,5,27,15:15:00,32.867,-117.257,0,Scripps Pier,NaN,NaN,0.25,1.6,1.6,1.6,NaN,NaN,NaN,NaN,0.02,0.01,0.15,0.11,0.19,0.1,NaN,NaN,NaN,5.2,NaN,18.7
2010,5,31,16:16:00,32.867,-117.257,0,Scripps Pier,400,0,0.07,4.11,4.12,4.1,200,0,0.06,38800,0.06,0,0.44,0.39,0.49,0.25,9600,247200,5600,5.4,10,17.1
2010,6,3,15:10:00,32.867,-117.257,0,Scripps Pier,NaN,NaN,0.24,18.3,18.45,18.14,NaN,NaN,NaN,NaN,0.01,0.01,-0.09,-0.14,-0.03,0.26,NaN,NaN,NaN,5,NaN,18.3
2010,6,8,15:10:00,32.867,-117.257,0,Scripps Pier,400,0,0.11,18.91,19.21,18.6,200,16000,0.05,279200,0.01,0.01,0.18,0.06,0.29,0.18,76000,6400,0,5,10,18.9
2010,6,10,15:10:00,32.867,-117.257,0,Scripps Pier,NaN,NaN,0.12,17.08,17.1,17.06,NaN,NaN,NaN,NaN,0,0.02,0.07,0.07,0.06,0.23,NaN,NaN,NaN,5.1,NaN,18.3
2010,6,14,16:05:00,32.867,-117.257,0,Scripps Pier,400,0,0.12,5.37,5.44,5.3,200,1600,0.05,98800,0,0.01,0.29,0.22,0.36,0.2,22400,6400,0,4.8,10,19.6
2010,6,17,16:05:00,32.867,-117.257,0,Scripps Pier,NaN,NaN,0.18,4.11,4.27,3.95,NaN,NaN,NaN,NaN,0,0.01,0.3,0.2,0.39,0.16,NaN,NaN,NaN,4,NaN,19.3
2010,6,21,15:55:00,32.867,-117.257,0,Scripps Pier,400,0,0.26,1.57,1.56,1.57,200,400,NaN,26400,0.05,0.02,0.37,0.35,0.38,0.16,10000,8400,0,4.1,10,20.1
2010,6,24,17:10:00,32.867,-117.257,0,Scripps Pier,NaN,NaN,0.22,3.36,3.42,3.29,NaN,NaN,NaN,NaN,0,0.02,0.27,0.28,0.25,0.09,NaN,NaN,NaN,3.9,NaN,21.1
2010,6,28,16:05:00,32.867,-117.257,0,Scripps Pier,400,0,0.22,4.38,4.41,4.35,200,0,NaN,10800,0,0.01,0.42,0.41,0.43,0.06,40000,15600,1600,2.5,10,20.3
2010,7,1,16:00:00,32.867,-117.257,0,Scripps Pier,NaN,NaN,0.09,5.21,5.25,5.16,NaN,NaN,NaN,NaN,0,0.01,0.95,0.9,1,0.03,NaN,NaN,NaN,1.1,NaN,20.3
2010,7,5,16:30:00,32.867,-117.257,0,Scripps Pier,0,0,0.14,3.37,3.42,3.32,200,909,NaN,2424,0,0.01,0.29,0.28,0.3,0.1,38182,14545,10909,2,10,18.9
2010,7,7,18:39:00,32.867,-117.257,0,Scripps Pier,NaN,NaN,0.18,3.12,3.22,3.02,NaN,NaN,NaN,NaN,0,0.01,0.29,0.29,0.28,0.06,NaN,NaN,NaN,1.3,NaN,19.1
2010,7,13,17:20:00,32.867,-117.257,0,Scripps Pier,0,0,0.38,2.01,2.03,1.98,200,0,0.08,0,1.31,0.09,0.7,0.67,0.72,0.43,15600,1600,0,6.8,10,17.2
2010,7,15,16:30:00,32.867,-117.257,0,Scripps Pier,NaN,NaN,0.28,2.84,2.88,2.79,NaN,NaN,NaN,NaN,0.95,0.07,0.91,0.91,0.91,0.41,NaN,NaN,NaN,8.8,NaN,17.1
2010,7,19,17:10:00,32.867,-117.257,0,Scripps Pier,0,0,0.37,2.91,2.97,2.84,200,0,NaN,0,0.67,0.06,0.75,0.73,0.77,0.34,8800,339600,11600,7.4,10,17.5
2010,7,22,16:10:00,32.867,-117.257,0,Scripps Pier,NaN,NaN,0.43,2.12,2.12,2.12,200,NaN,NaN,NaN,0,0.01,0.65,0.64,0.66,0.18,NaN,NaN,NaN,2.9,NaN,18.8
2010,7,26,16:00:00,32.867,-117.257,0,Scripps Pier,0,0,0.59,1.64,1.63,1.65,200,0,NaN,0,0.05,0.03,0.64,0.64,0.63,0.22,8000,25200,0,2.6,10,19.4
2010,7,29,16:45:00,32.867,-117.257,0,Scripps Pier,NaN,NaN,0.4,2.05,2.07,2.03,200,NaN,NaN,NaN,0.15,0.02,0.72,0.68,0.75,0.23,NaN,NaN,NaN,3.4,NaN,18.5
2010,8,2,16:20:00,32.867,-117.257,0,Scripps Pier,0,400,0.38,1.76,1.68,1.83,200,0,NaN,2000,0.05,0.02,0.79,0.85,0.73,0.21,24000,13600,0,4.1,10,19.3
2010,8,5,16:40:00,32.867,-117.257,0,Scripps Pier,NaN,NaN,0.32,2.3,2.3,2.3,200,NaN,NaN,NaN,0.02,0.01,1.23,1.24,1.22,0.18,NaN,NaN,NaN,3.8,NaN,20.1
2010,8,9,16:20:00,32.867,-117.257,0,Scripps Pier,400,0,0.12,2.22,2.24,2.2,200,0,NaN,2400,0,0.01,0.64,0.61,0.66,0.15,29600,13600,0,3.5,10,20.2
2010,8,12,16:20:00,32.867,-117.257,0,Scripps Pier,NaN,NaN,0.33,3.14,3.16,3.11,NaN,NaN,NaN,NaN,0.03,0.01,1.56,1.53,1.59,0.11,NaN,NaN,NaN,3.2,NaN,20.8
2010,8,16,15:55:00,32.867,-117.257,0,Scripps Pier,0,0,1.66,4.15,4.19,4.1,200,0,NaN,400,2,0.1,1.86,1.78,1.93,0.48,22800,12000,0,6.6,10,15.4
2010,8,19,16:55:00,32.867,-117.257,0,Scripps Pier,NaN,NaN,0.41,2.76,2.82,2.7,NaN,NaN,NaN,NaN,0.17,0.02,1.01,0.96,1.06,0.27,NaN,NaN,NaN,5.1,NaN,18.6
2010,8,23,16:55:00,32.867,-117.257,0,Scripps Pier,0,0,0.63,1.77,1.77,1.77,200,0,NaN,400,0.14,0.02,0.61,0.62,0.6,0.27,5600,6000,0,4.4,10,19.1
2010,8,26,16:15:00,32.867,-117.257,0,Scripps Pier,NaN,NaN,0.96,5.29,5.29,5.29,200,NaN,0.33,NaN,3.26,0.11,0.89,0.86,0.92,0.6,NaN,NaN,NaN,5.7,NaN,17.8
2010,8,30,16:25:00,32.867,-117.257,0,Scripps Pier,0,0,1.68,0.92,0.92,0.92,200,0,0.05,0,0.2,0.01,0.19,0.17,0.2,0.34,4800,3200,0,3.1,10,19.4
2010,9,2,17:00:00,32.867,-117.257,0,Scripps Pier,NaN,NaN,0.44,3.85,3.78,3.91,NaN,NaN,NaN,NaN,0.04,0.01,0.72,0.7,0.73,0.24,NaN,NaN,NaN,2.6,NaN,19.7
2010,9,6,15:45:00,32.867,-117.257,0,Scripps Pier,0,0,0.25,3.04,3.03,3.04,200,0,NaN,2400,0.24,0.04,0.42,0.41,0.42,0.3,44800,6000,0,3,10,17.5
2010,9,8,15:55:00,32.867,-117.257,0,Scripps Pier,NaN,NaN,1.07,4.08,4.17,3.98,200,NaN,0.18,NaN,0.02,0,0.5,0.43,0.57,0.32,NaN,NaN,NaN,3.7,NaN,17.5
2010,9,13,16:05:00,32.867,-117.257,0,Scripps Pier,0,0,2.5,1.61,1.63,1.59,200,1200,NaN,1200,0.07,0.07,0.5,0.48,0.51,0.56,14800,3600,0,5.3,10,17.5
2010,9,20,16:55:00,32.867,-117.257,0,Scripps Pier,0,0,0.97,4.67,4.69,4.64,200,0,NaN,400,0.55,0.08,1.46,1.41,1.51,0.56,12000,400,8000,6.6,10,16.6
2010,9,23,16:45:00,32.867,-117.257,0,Scripps Pier,NaN,NaN,0.45,2.61,2.63,2.59,NaN,NaN,NaN,NaN,0.03,0.02,0.91,0.88,0.93,0.36,NaN,NaN,NaN,5.4,NaN,17.3
2010,9,27,16:05:00,32.867,-117.257,0,Scripps Pier,0,0,1.83,2.37,2.38,2.35,200,0,NaN,0,0.06,0.04,0.71,0.71,0.71,0.42,1600,2000,5600,5.8,10,17.4
2010,9,30,16:50:00,32.867,-117.257,0,Scripps Pier,NaN,NaN,1.93,1.26,1.25,1.27,NaN,NaN,NaN,NaN,0.01,0.02,0.41,0.4,0.42,0.43,NaN,NaN,NaN,4.2,NaN,18.5
2010,10,4,16:25:00,32.867,-117.257,0,Scripps Pier,0,0,0.72,16.77,15.93,17.6,200,800,NaN,19200,0,0.01,0.38,0.47,0.29,0.22,538400,0,0,3.3,10,20
2010,10,7,16:05:00,32.867,-117.257,0,Scripps Pier,NaN,NaN,0.28,4.47,4.45,4.48,NaN,NaN,NaN,NaN,-0.01,0.03,0.41,0.41,0.4,0.34,NaN,NaN,NaN,3.6,NaN,18.7
2010,10,11,15:30:00,32.867,-117.257,0,Scripps Pier,0,1600,0.36,7.5,7.52,7.48,200,400,NaN,22400,0,0.04,0.47,0.42,0.52,0.31,193200,1200,0,3.6,10,19.2
2010,10,13,15:25:00,32.867,-117.257,0,Scripps Pier,NaN,NaN,0.67,2.64,2.76,2.51,NaN,NaN,NaN,NaN,0,0.01,0.68,0.64,0.71,0.3,NaN,NaN,NaN,3.1,NaN,19
2010,10,18,15:45:00,32.867,-117.257,0,Scripps Pier,0,1600,0.31,4.76,4.85,4.66,200,2800,NaN,4800,0.01,0.01,0.56,0.52,0.6,0.22,49600,2800,0,3,10,18.9
2010,10,21,16:30:00,32.867,-117.257,0,Scripps Pier,NaN,NaN,0.51,2.09,2.1,2.07,NaN,NaN,NaN,NaN,0.02,0.04,0.5,0.48,0.51,0.31,NaN,NaN,NaN,2.9,NaN,18.6
2010,10,25,16:00:00,32.867,-117.257,0,Scripps Pier,0,0,0.89,3.01,3.03,2.98,200,6400,NaN,400,0,0.03,1.06,1.03,1.08,0.26,28800,39200,3600,3.1,10,18.9
2010,10,28,14:50:00,32.867,-117.257,0,Scripps Pier,NaN,NaN,0.24,3.15,3.15,3.15,NaN,NaN,NaN,NaN,-0.01,0.01,0.83,0.84,0.82,0.19,NaN,NaN,NaN,3.5,NaN,18.3
2010,11,1,16:00:00,32.867,-117.257,0,Scripps Pier,400,0,0.16,2.78,2.78,2.78,200,2000,0.09,5200,-0.01,0.02,0.57,0.54,0.59,0.21,12000,317600,3600,2.2,10,18.3
2010,11,4,16:00:00,32.867,-117.257,0,Scripps Pier,NaN,NaN,0.4,1.51,1.54,1.48,200,NaN,0.53,NaN,-0.01,0.02,0.35,0.37,0.32,0.21,NaN,NaN,NaN,1.9,NaN,18.1
2010,11,8,17:00:00,32.867,-117.257,0,Scripps Pier,0,0,0.3,1.71,1.75,1.66,200,0,0.1,400,0,0.01,0.45,0.38,0.52,0.22,3200,312000,2800,2,10,18.3
2010,11,10,17:40:00,32.867,-117.257,0,Scripps Pier,NaN,NaN,0.54,1.75,1.76,1.73,200,NaN,NaN,NaN,0.26,0.07,0.38,0.37,0.38,0.38,NaN,NaN,NaN,3.2,NaN,17.1
2010,11,15,16:50:00,32.867,-117.257,0,Scripps Pier,2400,0,0.97,1.58,1.54,1.62,200,400,NaN,0,0.11,0.07,0.78,0.81,0.75,0.35,1600,60400,5200,3,10,16.3
2010,11,18,19:00:00,32.867,-117.257,0,Scripps Pier,NaN,NaN,1.59,5.2,5.16,5.23,NaN,NaN,NaN,NaN,0.07,0.08,0.83,0.96,0.69,0.4,NaN,NaN,NaN,2.8,NaN,16.9
2010,11,22,17:30:00,32.867,-117.257,0,Scripps Pier,0,0,1.15,1.31,1.28,1.34,200,0,NaN,0,0.16,0.08,1.1,1.13,1.07,0.5,800,10400,400,5.3,10,16
2010,11,24,17:10:00,32.867,-117.257,0,Scripps Pier,NaN,NaN,1.42,1.39,1.46,1.31,NaN,NaN,NaN,NaN,0.18,0.12,1.15,1.1,1.19,0.48,NaN,NaN,NaN,4.9,NaN,15.6
2010,11,29,17:25:00,32.867,-117.257,0,Scripps Pier,102000,800,0.22,10.13,10.1,10.15,200,400,NaN,6000,0.07,0.06,0.93,0.87,0.99,0.47,9200,86800,4400,6.3,10,13.8
2010,12,2,16:25:00,32.867,-117.257,0,Scripps Pier,NaN,NaN,0.27,17.3,17.46,17.14,NaN,NaN,NaN,NaN,0.1,0.03,-0.16,-0.58,0.26,0.42,NaN,NaN,NaN,5.1,NaN,13.6
2010,12,6,16:20:00,32.867,-117.257,0,Scripps Pier,28000,400,0.61,5.59,5.63,5.54,200,0,NaN,1200,0.31,0.03,0.73,0.62,0.83,0.36,3600,316800,30800,2.8,10,14
2010,12,9,18:05:00,32.867,-117.257,0,Scripps Pier,NaN,NaN,0.86,5.94,6.05,5.82,200,NaN,0.07,NaN,1.06,0.11,0.69,0.48,0.89,0.56,NaN,NaN,NaN,6,NaN,13.5
2010,12,13,17:55:00,32.867,-117.257,0,Scripps Pier,82800,2000,0.53,10.76,10.62,10.9,200,800,0.04,3600,0.26,0.03,-0.18,-0.27,-0.09,0.35,6800,70400,54000,2.9,10,13.7
2010,12,16,19:40:00,32.867,-117.257,0,Scripps Pier,NaN,NaN,0.63,6.01,6.05,5.96,200,NaN,NaN,NaN,0.08,0.01,0.42,0.37,0.46,0.31,NaN,NaN,NaN,1.3,NaN,14.7
2010,12,20,18:45:00,32.867,-117.257,0,Scripps Pier,15600,0,0.42,3.1,3.09,3.11,200,400,NaN,2000,0.14,0.01,0.19,0.16,0.22,0.35,1600,31200,8800,1.8,10,15.1
2010,12,23,17:55:00,32.867,-117.257,0,Scripps Pier,NaN,NaN,1.64,2.92,2.87,2.96,NaN,NaN,NaN,NaN,0.51,0.07,0.39,0.4,0.37,0.5,NaN,NaN,NaN,2.3,NaN,14.9
2010,12,27,20:50:00,32.867,-117.257,0,Scripps Pier,47200,1600,0.49,7.13,7.45,6.8,200,1600,NaN,1600,0.16,0.04,-0.16,-0.23,-0.09,0.46,8400,16800,4000,2.6,10,15.3
2011,1,3,16:55:00,32.867,-117.257,0,Scripps Pier,3200,0,2.05,1.43,1.43,1.43,200,0,NaN,0,1.37,0.12,0.35,0.32,0.37,0.57,5200,24400,800,4.3,10,14.7
2011,1,10,18:20:00,32.867,-117.257,0,Scripps Pier,4000,400,1.14,3.55,3.51,3.58,200,800,NaN,800,1,0.14,0.64,0.69,0.59,0.45,20800,2000,0,3.4,10,14.2
2011,1,13,17:00:00,32.867,-117.257,0,Scripps Pier,NaN,NaN,1.23,3.35,3.42,3.27,NaN,NaN,NaN,NaN,0.96,0.14,0.56,0.58,0.54,0.45,NaN,NaN,NaN,3.4,NaN,14.1
2011,1,18,17:55:00,32.867,-117.257,0,Scripps Pier,3600,0,0.44,4.98,4.98,4.98,200,1600,NaN,3200,1.19,0.16,0.54,0.42,0.65,0.37,21200,9600,0,4,10,14.3
2011,1,20,17:00:00,32.867,-117.257,0,Scripps Pier,NaN,NaN,0.38,4.99,5.03,4.94,200,NaN,NaN,NaN,0.42,0.07,0.71,0.66,0.75,0.31,NaN,NaN,NaN,2.6,NaN,14.3
2011,1,24,17:50:00,32.867,-117.257,0,Scripps Pier,0,0,0.31,3.01,2.99,3.02,200,0,NaN,0,0.84,0.11,0.39,0.36,0.42,0.36,5200,4400,3600,2.4,10,14.2
2011,1,27,17:55:00,32.867,-117.257,0,Scripps Pier,NaN,NaN,0.61,3.14,3.2,3.07,NaN,NaN,NaN,NaN,0.58,0.09,0.76,0.63,0.88,0.37,NaN,NaN,NaN,1.7,NaN,14.2
2011,1,31,17:05:00,32.867,-117.257,0,Scripps Pier,2400,0,0.27,5.06,5.03,5.08,200,400,0.04,0,0.16,0.03,1.21,1.13,1.29,0.27,4800,32400,4800,1.2,10,14.3
2011,2,3,17:25:00,32.867,-117.257,0,Scripps Pier,NaN,NaN,0.27,4.77,4.76,4.77,NaN,NaN,NaN,NaN,1.2,0.11,0.67,0.64,0.7,0.34,NaN,NaN,NaN,2.1,NaN,13.2
2011,2,7,17:25:00,32.867,-117.257,0,Scripps Pier,800,0,0.47,4.04,3.98,4.1,200,0,NaN,0,0.29,0.05,1.26,1.17,1.34,0.22,3200,61600,17200,1,10,14.3
2011,2,10,17:30:00,32.867,-117.257,0,Scripps Pier,NaN,NaN,0.22,4.26,4.49,4.02,NaN,NaN,NaN,NaN,0.13,0.02,0.85,0.84,0.85,0.23,NaN,NaN,NaN,1.5,NaN,14.4
2011,2,14,17:55:00,32.867,-117.257,0,Scripps Pier,400,2000,0.48,2.81,2.8,2.82,200,400,NaN,0,0.24,0.03,0.96,0.9,1.02,0.29,3200,60800,6400,1.2,10,14.4
2011,2,17,17:30:00,32.867,-117.257,0,Scripps Pier,NaN,NaN,0.87,1.64,1.67,1.61,200,NaN,NaN,NaN,0.8,0.04,0.97,0.92,1.02,0.41,NaN,NaN,NaN,0.04,NaN,14.2
2011,2,22,17:37:00,32.867,-117.257,0,Scripps Pier,0,0,0.82,2.28,2.27,2.28,200,400,NaN,0,0.07,0.03,0.49,0.45,0.52,0.19,0,27200,2000,0.69,10,14.2
2011,2,24,18:10:00,32.867,-117.257,0,Scripps Pier,NaN,NaN,0.47,1.78,1.79,1.76,NaN,NaN,NaN,NaN,0.19,0.01,0.71,0.7,0.71,0.28,NaN,NaN,NaN,0.01,NaN,14.3
2011,2,28,17:40:00,32.867,-117.257,0,Scripps Pier,4000,800,0.82,1.39,1.37,1.41,200,400,NaN,0,0.27,0.06,0.32,0.3,0.34,0.25,8000,0,400,2.15,10,14.3
2011,3,3,17:55:00,32.867,-117.257,0,Scripps Pier,NaN,NaN,0.99,1.84,1.92,1.75,NaN,NaN,NaN,NaN,0.34,0.02,0.32,0.3,0.34,0.3,NaN,NaN,NaN,0.02,NaN,14.9
2011,3,7,18:05:00,32.867,-117.257,0,Scripps Pier,400,800,2.04,4.07,4.08,4.05,200,2000,NaN,800,2.13,0.16,2.24,2.22,2.25,0.43,24400,62000,11200,4.45,10,14.2
2011,3,10,17:45:00,32.867,-117.257,0,Scripps Pier,NaN,NaN,0.56,4.52,4.41,4.63,200,NaN,NaN,NaN,0.26,0.01,0.75,0.61,0.88,0.13,NaN,NaN,NaN,0.01,NaN,14.4
2011,3,14,15:45:00,32.867,-117.257,0,Scripps Pier,2400,0,2.03,3.99,4.02,3.95,200,6000,NaN,400,0.47,0.08,1.81,1.68,1.94,0.21,96000,34400,6800,1.86,10,14.8
2011,3,17,16:20:00,32.867,-117.257,0,Scripps Pier,NaN,NaN,1.33,3.91,3.95,3.86,200,NaN,NaN,NaN,2.09,0.09,1.74,1.65,1.83,0.46,NaN,NaN,NaN,0.09,NaN,13.9
2011,3,21,16:10:00,32.867,-117.257,0,Scripps Pier,400,1600,1.94,2.79,2.79,2.79,200,800,NaN,0,2.56,0.12,1.08,1,1.15,0.45,6800,43200,18000,3.12,10,13.3
2011,3,24,15:35:00,32.867,-117.257,0,Scripps Pier,NaN,NaN,1.38,2.58,2.54,2.62,200,NaN,0.06,NaN,1.22,0.07,0.79,0.74,0.84,0.46,NaN,NaN,NaN,0.07,NaN,14
2011,3,28,16:00:00,32.867,-117.257,0,Scripps Pier,1600,1600,1.79,4.52,4.48,4.55,200,400,NaN,0,1.38,0.11,1.09,1.07,1.11,0.31,70000,10800,400,4.01,10,14.9
2011,3,31,15:35:00,32.867,-117.257,0,Scripps Pier,NaN,NaN,0.4,11.04,11.04,11.04,NaN,NaN,NaN,NaN,1.47,0.07,0.89,0.8,0.98,0.35,NaN,NaN,NaN,0.07,NaN,15.1
2011,4,4,16:05:00,32.867,-117.257,0,Scripps Pier,0,800,2.29,1.35,1.35,1.34,200,0,NaN,0,0.26,0.04,0.39,0.38,0.39,0.28,3600,8800,0,3.42,10,16.4
2011,4,7,16:15:00,32.867,-117.257,0,Scripps Pier,NaN,NaN,0.51,2.09,2.16,2.02,NaN,NaN,NaN,NaN,2.94,0.1,0.98,0.99,0.97,0.52,NaN,NaN,NaN,0.1,NaN,15
2011,4,11,15:50:00,32.867,-117.257,0,Scripps Pier,2000,2000,1.93,2.19,2.13,2.25,200,0,NaN,0,1.44,0.15,0.9,0.9,0.89,0.35,22400,14400,1200,6.07,10,15.9
2011,4,14,15:55:00,32.867,-117.257,0,Scripps Pier,NaN,NaN,0.9,1.46,1.47,1.45,NaN,NaN,NaN,NaN,0.65,0.03,0.61,0.6,0.62,0.36,NaN,NaN,NaN,0.03,NaN,15.6
2011,4,18,16:00:00,32.867,-117.257,0,Scripps Pier,0,0,1.12,1.4,1.38,1.41,200,0,NaN,0,0.29,0.05,0.66,0.63,0.69,0.24,4800,56000,400,3.48,10,16.7
2011,4,21,16:00:00,32.867,-117.257,0,Scripps Pier,NaN,NaN,0.95,1.54,1.55,1.53,200,NaN,NaN,NaN,0.96,0.04,0.77,0.77,0.77,0.34,NaN,NaN,NaN,0.04,NaN,16.7
2011,4,25,16:25:00,32.867,-117.257,0,Scripps Pier,0,0,1.11,1.34,1.32,1.36,200,0,NaN,0,1.39,0.1,0.71,0.68,0.74,0.31,0,82800,800,5.92,10,17.3
2011,4,28,16:10:00,32.867,-117.257,0,Scripps Pier,NaN,NaN,0.39,1.77,1.78,1.75,NaN,NaN,NaN,NaN,0.39,0,0.62,0.56,0.67,0.22,NaN,NaN,NaN,0,NaN,17.3
2011,5,2,16:10:00,32.867,-117.257,0,Scripps Pier,0,0,2.63,2.25,2.24,2.25,200,800,NaN,0,0.62,0.08,0.81,0.83,0.78,0.31,25600,200400,1200,3.04,10,16.3
2011,5,5,16:35:00,32.867,-117.257,0,Scripps Pier,NaN,NaN,0.23,4.62,4.69,4.54,NaN,NaN,NaN,NaN,0.09,0,1.29,1.26,1.31,0.29,NaN,NaN,NaN,0,NaN,18.3
2011,5,9,16:10:00,32.867,-117.257,0,Scripps Pier,0,0,0.74,3.66,3.68,3.63,200,0,NaN,400,0.07,0.01,1.18,1.15,1.21,0.21,16800,203200,38000,1.95,10,15.4
2011,5,12,16:00:00,32.867,-117.257,0,Scripps Pier,NaN,NaN,0.52,2.5,2.54,2.45,NaN,NaN,NaN,NaN,0.19,0,0.74,0.71,0.77,0.31,NaN,NaN,NaN,0,NaN,16.1
2011,5,16,16:00:00,32.867,-117.257,0,Scripps Pier,0,0,1.16,1.46,1.43,1.48,200,0,NaN,0,0.27,0.06,0.68,0.63,0.72,0.24,10800,21200,2400,3.81,10,17.1
2011,5,19,16:25:00,32.867,-117.257,0,Scripps Pier,NaN,NaN,0.58,1.56,1.54,1.58,NaN,NaN,NaN,NaN,0.64,0.01,1.13,1.02,1.24,0.38,NaN,NaN,NaN,0.01,NaN,16.4
2011,5,22,15:50:00,32.867,-117.257,0,Scripps Pier,2400,800,0.59,1.83,1.88,1.77,200,0,NaN,400,0.59,0.04,0.61,0.58,0.63,0.29,21200,14800,0,5.28,10,17.4
2011,5,30,16:05:00,32.867,-117.257,0,Scripps Pier,7600,0,0.42,2.79,2.63,2.95,NaN,0,NaN,1200,0,0.01,0.68,0.66,0.7,0.14,24800,30000,0,3.78,10,17.5
2011,6,2,16:20:00,32.867,-117.257,0,Scripps Pier,NaN,NaN,0.34,2.59,2.61,2.57,NaN,NaN,NaN,NaN,2.15,0.06,0.7,0.67,0.72,0.43,NaN,NaN,NaN,0.06,NaN,16.7
2011,6,6,16:00:00,32.867,-117.257,0,Scripps Pier,400,0,1.46,2.59,2.63,2.54,200,800,0.26,6000,0.15,0.05,0.47,0.43,0.5,0.33,22000,484800,30400,0.66,10,17.7
2011,6,9,16:05:00,32.867,-117.257,0,Scripps Pier,NaN,NaN,0.36,6.54,6.9,6.17,NaN,NaN,NaN,NaN,0.14,0,1.24,1.24,1.24,0.18,NaN,NaN,NaN,0,NaN,16.2
2011,6,12,16:10:00,32.867,-117.257,0,Scripps Pier,800,0,0.65,2.15,2.11,2.18,200,800,NaN,0,0.01,0,0.35,0.37,0.32,0.19,11200,37600,6400,3.28,10,16.9
2011,6,21,16:00:00,32.867,-117.257,0,Scripps Pier,800,0,0.66,1.76,1.86,1.66,200,800,NaN,0,0.04,0,0.38,0.41,0.34,0.15,58400,2800,0,3.65,10,19.1
2011,6,23,16:00:00,32.867,-117.257,0,Scripps Pier,NaN,NaN,0.5,2.83,2.81,2.85,NaN,NaN,NaN,NaN,0.34,0.02,1.22,1.2,1.23,0.33,NaN,NaN,NaN,0.02,NaN,18.5
2011,6,27,17:20:00,32.867,-117.257,0,Scripps Pier,400,0,0.29,2.99,2.97,3,200,0,NaN,0,0.09,0,1.21,1.26,1.15,0.21,1200,11600,0,0,10,19.6
2011,6,30,16:20:00,32.867,-117.257,0,Scripps Pier,NaN,NaN,NaN,2.57,2.51,2.63,NaN,NaN,NaN,NaN,NaN,NaN,1.2,1.13,1.27,NaN,NaN,NaN,NaN,NaN,NaN,18.4
2011,7,4,17:32:00,32.867,-117.257,0,Scripps Pier,1600,0,1.42,2.3,2.34,2.25,NaN,0,NaN,800,0.3,0.08,0.84,0.83,0.85,0.19,14000,15200,0,3.69,10,20.7
2011,7,7,16:45:00,32.867,-117.257,0,Scripps Pier,NaN,NaN,NaN,4.04,4.12,3.95,NaN,NaN,NaN,NaN,NaN,NaN,1.49,1.36,1.62,NaN,NaN,NaN,NaN,NaN,NaN,20.4
2011,7,12,17:00:00,32.867,-117.257,0,Scripps Pier,1600,0,1.85,1.72,1.72,1.72,200,0,NaN,0,0.18,0.08,0.54,0.51,0.57,0.22,1200,48400,400,3.52,10,20.2
2011,7,14,16:20:00,32.867,-117.257,0,Scripps Pier,NaN,NaN,NaN,1.73,1.74,1.72,NaN,NaN,NaN,NaN,NaN,NaN,0.73,0.68,0.78,NaN,NaN,NaN,NaN,NaN,NaN,20.2
2011,7,18,16:32:00,32.867,-117.257,0,Scripps Pier,400,0,0.06,1.96,2.03,1.88,200,0,NaN,0,0.17,0.07,0.84,0.87,0.8,0.19,1200,34800,0,2.53,10,21
2011,7,20,16:22:00,32.867,-117.257,0,Scripps Pier,NaN,NaN,NaN,1.82,1.83,1.8,NaN,NaN,NaN,NaN,NaN,NaN,0.55,0.5,0.6,NaN,NaN,NaN,NaN,NaN,NaN,20.6
2011,7,25,16:18:00,32.867,-117.257,0,Scripps Pier,400,0,0.7,2.34,2.35,2.32,200,0,NaN,800,0.13,0.06,0.64,0.67,0.6,0.14,4400,21200,2800,2.65,10,21.3
2011,7,28,16:20:00,32.867,-117.257,0,Scripps Pier,NaN,NaN,NaN,1.56,1.57,1.54,NaN,NaN,NaN,NaN,NaN,NaN,0.46,0.45,0.46,NaN,NaN,NaN,NaN,NaN,NaN,21.3
2011,8,1,16:25:00,32.867,-117.257,0,Scripps Pier,1600,0,0.45,1.5,1.45,1.54,200,400,NaN,0,0.34,0.07,0.67,0.59,0.75,0.28,2800,8000,0,3.11,10,17.8
2011,8,5,18:11:00,32.867,-117.257,0,Scripps Pier,NaN,NaN,NaN,1.73,1.78,1.68,NaN,NaN,NaN,NaN,NaN,NaN,0.63,0.56,0.69,NaN,NaN,NaN,NaN,NaN,NaN,18.1
2011,8,8,18:08:00,32.867,-117.257,0,Scripps Pier,0,0,0.89,1.07,1.06,1.08,200,0,NaN,1200,0.17,0.06,0.32,0.3,0.33,0.24,8800,3600,0,2.73,10,18.6
2011,8,11,19:15:00,32.867,-117.257,0,Scripps Pier,NaN,NaN,NaN,0.95,1,0.9,NaN,NaN,NaN,NaN,NaN,NaN,0.17,0.16,0.18,NaN,NaN,NaN,NaN,NaN,NaN,19.7
2011,8,15,15:55:00,32.867,-117.257,0,Scripps Pier,0,0,0.14,2.41,2.34,2.48,200,400,NaN,800,0.02,0.03,0.66,0.64,0.68,0.15,800,42800,0,1.27,10,20.2
2011,8,18,16:20:00,32.867,-117.257,0,Scripps Pier,NaN,NaN,NaN,1.55,1.53,1.56,NaN,NaN,NaN,NaN,NaN,NaN,0.3,0.28,0.31,NaN,NaN,NaN,NaN,NaN,NaN,20
2011,8,22,16:05:00,32.867,-117.257,0,Scripps Pier,0,0,0,1,1.02,0.98,200,0,NaN,800,0.14,0,0.31,0.3,0.31,0.29,8400,3200,0,2.02,10,20
2011,8,25,19:15:00,32.867,-117.257,0,Scripps Pier,NaN,NaN,NaN,2.64,2.62,2.65,NaN,NaN,NaN,NaN,NaN,NaN,1.59,1.58,1.59,NaN,NaN,NaN,NaN,NaN,NaN,20.1
2011,8,29,16:00:00,32.867,-117.257,0,Scripps Pier,0,0,0,1.37,1.39,1.34,200,0,NaN,2800,0.13,0,0.38,0.36,0.4,0.28,3200,2800,0,3.49,10,20.8
2011,9,1,16:00:00,32.867,-117.257,0,Scripps Pier,NaN,NaN,NaN,3.13,3.18,3.07,NaN,NaN,NaN,NaN,NaN,NaN,0.38,0.37,0.38,NaN,NaN,NaN,NaN,NaN,NaN,18.6
2011,9,5,17:44:00,32.867,-117.257,0,Scripps Pier,400,0,0.25,6.67,6.6,6.74,200,400,NaN,76400,0.06,0.2,0.15,0.13,0.16,0.42,20400,1200,0,5.78,10,17.6
2011,9,8,20:37:00,32.867,-117.257,0,Scripps Pier,NaN,NaN,NaN,3.48,3.44,3.52,NaN,NaN,NaN,NaN,NaN,NaN,0.4,0.4,0.4,NaN,NaN,NaN,NaN,NaN,NaN,20.4
2011,9,12,16:10:00,32.867,-117.257,0,Scripps Pier,0,0,0,2.19,2.15,2.22,200,0,NaN,14000,0.1,0,0.27,0.26,0.28,0.31,2400,21200,0,3.65,10,17.9
2011,9,15,17:10:00,32.867,-117.257,0,Scripps Pier,NaN,NaN,NaN,2.91,2.84,2.98,NaN,NaN,NaN,NaN,NaN,NaN,0.18,0.19,0.17,NaN,NaN,NaN,NaN,NaN,NaN,19.5
2011,9,19,17:00:00,32.867,-117.257,0,Scripps Pier,0,0,0,5.38,5.14,5.62,200,400,NaN,78400,0.15,0.01,0.32,0.34,0.29,0.36,6400,800,1200,2.8,10,18
2011,9,22,16:15:00,32.867,-117.257,0,Scripps Pier,NaN,NaN,NaN,14,14.65,13.34,NaN,NaN,NaN,NaN,NaN,NaN,-0.04,-0.02,-0.06,NaN,NaN,NaN,NaN,NaN,NaN,18
2011,9,26,16:00:00,32.867,-117.257,0,Scripps Pier,0,0,0,43.92,43.99,43.84,200,1600,NaN,1252000,0.13,0.01,1.07,1.18,0.96,0.26,17600,3600,0,5.02,10,16.6
2011,9,29,18:00:00,32.867,-117.257,0,Scripps Pier,NaN,NaN,0,12.22,12.64,11.79,NaN,NaN,NaN,NaN,0.12,0.01,0.07,0,0.14,0.27,NaN,NaN,NaN,5.33,NaN,17.1
2011,10,3,16:10:00,32.867,-117.257,0,Scripps Pier,0,0,0,48.14,51.69,44.58,200,800,NaN,1490400,0.06,0,1.11,-0.22,2.44,0.15,14000,1200,0,6.81,10,17.6
2011,10,6,16:10:00,32.867,-117.257,0,Scripps Pier,NaN,NaN,0,14.27,14.55,13.99,NaN,NaN,NaN,NaN,0.09,0,0.82,0.71,0.92,0.35,NaN,NaN,NaN,4.93,NaN,17.3
2011,10,10,17:00:00,32.867,-117.257,0,Scripps Pier,400,0,0,33.77,34.36,33.17,200,2000,NaN,1298800,0.06,0,-1,-1.41,-0.59,0.19,39600,8400,0,3.94,10,17.8
2011,10,13,19:00:00,32.867,-117.257,0,Scripps Pier,NaN,NaN,0.05,59.91,60.37,59.44,NaN,NaN,NaN,NaN,0.03,0.05,6.2,5.15,7.25,0.08,NaN,NaN,NaN,4.18,NaN,21.4
2011,10,17,16:15:00,32.867,-117.257,0,Scripps Pier,0,0,0.12,4.73,4.89,4.56,200,0,NaN,65600,0.05,0.04,0.14,0.07,0.21,0.08,1600,1200,0,4.46,10,17.6
2011,10,20,16:05:00,32.867,-117.257,0,Scripps Pier,NaN,NaN,NaN,4.44,4.47,4.4,NaN,NaN,NaN,NaN,NaN,NaN,0.22,0.17,0.27,NaN,NaN,NaN,NaN,NaN,NaN,15.4
2011,10,24,16:20:00,32.867,-117.257,0,Scripps Pier,2000,0,2.36,2.08,2.07,2.09,200,400,NaN,2800,0.22,0.07,0.24,0.24,0.24,0.19,400,0,0,4.44,10,17.2
2011,10,27,16:30:00,32.867,-117.257,0,Scripps Pier,NaN,NaN,NaN,1.16,1.19,1.12,NaN,NaN,NaN,NaN,NaN,NaN,0.33,0.33,0.32,NaN,NaN,NaN,NaN,NaN,NaN,15.4
2011,10,31,16:15:00,32.867,-117.257,0,Scripps Pier,800,0,0.82,3.11,3.2,3.01,200,400,NaN,800,1.56,0.15,0.54,0.37,0.7,0.31,3200,15200,3600,4.42,10,16.3
2011,11,3,16:20:00,32.867,-117.257,0,Scripps Pier,NaN,NaN,NaN,1.19,1.2,1.17,NaN,NaN,NaN,NaN,NaN,NaN,0.45,0.44,0.46,NaN,NaN,NaN,NaN,NaN,NaN,16.6
2011,11,7,17:35:00,32.867,-117.257,0,Scripps Pier,0,0,0.61,1.66,1.64,1.67,200,0,NaN,0,0.33,0.06,0.54,0.52,0.55,0.22,1600,47600,50000,2.3,10,16.4
2011,11,10,17:20:00,32.867,-117.257,0,Scripps Pier,NaN,NaN,NaN,3.51,3.4,3.61,NaN,NaN,NaN,NaN,NaN,NaN,0.58,0.55,0.61,NaN,NaN,NaN,NaN,NaN,NaN,15.3
2011,11,14,17:30:00,32.867,-117.257,0,Scripps Pier,0,0,1.01,0.8,0.79,0.8,200,0,NaN,0,0.39,0.07,0.27,0.28,0.25,0.29,400,11200,800,2.1,10,16
2011,11,17,18:00:00,32.867,-117.257,0,Scripps Pier,NaN,NaN,NaN,1.7,1.74,1.65,NaN,NaN,NaN,NaN,NaN,NaN,0.25,0.22,0.27,NaN,NaN,NaN,NaN,NaN,NaN,15.8
2011,11,21,17:55:00,32.867,-117.257,0,Scripps Pier,0,0,0.68,0.62,0.62,0.62,200,0,NaN,0,0.17,0.04,0.24,0.23,0.25,0.27,800,7200,400,1.46,10,15.8
2011,11,23,18:30:00,32.867,-117.257,0,Scripps Pier,NaN,NaN,NaN,0.91,0.91,0.91,NaN,NaN,NaN,NaN,NaN,NaN,0.32,0.31,0.33,NaN,NaN,NaN,NaN,NaN,NaN,16
2011,11,28,17:05:00,32.867,-117.257,0,Scripps Pier,1200,0,0.7,1.38,1.38,1.37,200,400,NaN,800,0.39,0.09,0.42,0.43,0.41,0.28,800,800,400,2.39,10,15.5
2011,12,1,18:05:00,32.867,-117.257,0,Scripps Pier,NaN,NaN,NaN,3.61,3.61,3.61,NaN,NaN,NaN,NaN,NaN,NaN,0.5,0.54,0.45,NaN,NaN,NaN,NaN,NaN,NaN,14.9
2011,12,5,18:00:00,32.867,-117.257,0,Scripps Pier,48800,0,0.87,7.48,7.31,7.65,200,400,NaN,5200,0.3,0.07,0.08,0.1,0.05,0.32,1200,400,0,3.46,10,14.4
2011,12,8,18:05:00,32.867,-117.257,0,Scripps Pier,NaN,NaN,NaN,16.29,16.19,16.38,NaN,NaN,NaN,NaN,NaN,NaN,-0.23,-0.39,-0.06,NaN,NaN,NaN,NaN,NaN,NaN,14.5
2011,12,12,17:50:00,32.867,-117.257,0,Scripps Pier,12800,0,1.2,1.62,1.58,1.66,200,0,NaN,800,0.14,0.05,0.2,0.2,0.19,0.3,0,12400,800,2,10,15.1
2011,12,15,17:25:00,32.867,-117.257,0,Scripps Pier,NaN,NaN,NaN,4.01,4.01,4.01,NaN,NaN,NaN,NaN,NaN,NaN,0.18,0.08,0.28,NaN,NaN,NaN,NaN,NaN,NaN,14.5
2011,12,19,18:15:00,32.867,-117.257,0,Scripps Pier,126400,0,0.15,14.77,14.58,14.96,200,0,NaN,1200,0.11,0.02,0.23,0.19,0.27,0.29,0,8000,3200,3.68,10,14.3
2011,12,22,18:50:00,32.867,-117.257,0,Scripps Pier,NaN,NaN,NaN,4.04,4.1,3.97,NaN,NaN,NaN,NaN,NaN,NaN,0.23,0.23,0.23,NaN,NaN,NaN,NaN,NaN,NaN,14.2
2011,12,26,17:55:00,32.867,-117.257,0,Scripps Pier,123200,0,0.38,11.92,12.2,11.63,200,800,NaN,0,0.05,0.01,-0.4,-0.37,-0.43,0.25,0,13600,0,3.88,10,14
2011,12,29,18:00:00,32.867,-117.257,0,Scripps Pier,NaN,NaN,NaN,15.96,16.15,15.77,NaN,NaN,NaN,NaN,NaN,NaN,-0.19,-0.23,-0.14,NaN,NaN,NaN,NaN,NaN,NaN,14.1
2012,1,3,19:00:00,32.867,-117.257,0,Scripps Pier,10800,800,0.34,1.77,1.71,1.83,200,400,NaN,0,0.3,0.05,0.22,0.18,0.26,0.23,400,16000,0,3.27,10,14.6
2012,1,5,19:45:00,32.867,-117.257,0,Scripps Pier,NaN,NaN,NaN,2.61,2.57,2.64,NaN,NaN,NaN,NaN,NaN,NaN,0.29,0.32,0.26,NaN,NaN,NaN,NaN,NaN,NaN,14.5
2012,1,9,18:15:00,32.867,-117.257,0,Scripps Pier,4800,0,0.35,1.01,1.01,1.01,200,0,NaN,400,0.17,0.05,0.11,0.09,0.13,0.24,0,20800,11200,3.08,10,14.6
2012,1,12,18:20:00,32.867,-117.257,0,Scripps Pier,NaN,NaN,NaN,3.03,3.02,3.04,NaN,NaN,NaN,NaN,NaN,NaN,0.15,0.13,0.16,NaN,NaN,NaN,NaN,NaN,NaN,14.5
2012,1,17,18:20:00,32.867,-117.257,0,Scripps Pier,3200,0,0.64,1.26,1.29,1.23,200,0,NaN,0,0.89,0.09,0.39,0.37,0.4,0.3,0,12400,4000,3.26,10,14.2
2012,1,19,18:17:00,32.867,-117.257,0,Scripps Pier,NaN,NaN,NaN,2.65,2.69,2.61,NaN,NaN,NaN,NaN,NaN,NaN,0.48,0.44,0.51,NaN,NaN,NaN,NaN,NaN,NaN,14.3
2012,1,23,18:15:00,32.867,-117.257,0,Scripps Pier,2400,0,0.09,6.27,6.32,6.22,200,0,0.08,0,0.33,0.06,0.72,0.64,0.79,0.23,400,341600,91200,1.31,10,13.9
2012,1,26,18:20:00,32.867,-117.257,0,Scripps Pier,NaN,NaN,NaN,3.82,3.86,3.77,200,NaN,0.05,NaN,NaN,NaN,0.85,0.83,0.86,NaN,NaN,NaN,NaN,NaN,NaN,14.2
2012,1,30,18:15:00,32.867,-117.257,0,Scripps Pier,800,800,0.75,1.01,0.99,1.02,200,0,NaN,0,0.21,0.07,0.17,0.17,0.16,0.2,400,20800,14800,0.24,10,14.3
2012,2,2,18:20:00,32.867,-117.257,0,Scripps Pier,NaN,NaN,NaN,1.75,1.77,1.73,NaN,NaN,NaN,NaN,NaN,NaN,0.24,0.23,0.25,NaN,NaN,NaN,NaN,NaN,NaN,14.7
2012,2,6,18:35:00,32.867,-117.257,0,Scripps Pier,0,0,0.6,1.62,1.7,1.53,200,0,0.04,0,0.39,0.07,0.5,0.67,0.32,0.22,400,96800,25600,1.12,10,14.5
2012,2,9,18:10:00,32.867,-117.257,0,Scripps Pier,NaN,NaN,NaN,0.74,0.73,0.75,NaN,NaN,NaN,NaN,NaN,NaN,0.2,0.2,0.19,NaN,NaN,NaN,NaN,NaN,NaN,14.7
2012,2,13,18:15:00,32.867,-117.257,0,Scripps Pier,0,0,0.63,0.75,0.75,0.75,200,0,NaN,0,0.69,0.06,0.28,0.27,0.28,0.28,0,23600,0,2.68,10,14.9
2012,2,16,18:15:00,32.867,-117.257,0,Scripps Pier,NaN,NaN,NaN,1.34,1.35,1.32,NaN,NaN,NaN,NaN,NaN,NaN,0.87,0.85,0.88,NaN,NaN,NaN,NaN,NaN,NaN,14.3
2012,2,21,18:15:00,32.867,-117.257,0,Scripps Pier,0,0,0.58,1.67,1.67,1.67,200,0,NaN,0,1.55,0.12,0.46,0.4,0.51,0.3,7200,13200,0,4.59,10,14.7
2012,2,23,18:15:00,32.867,-117.257,0,Scripps Pier,NaN,NaN,NaN,1.52,1.52,1.52,NaN,NaN,NaN,NaN,NaN,NaN,0.53,0.52,0.54,NaN,NaN,NaN,NaN,NaN,NaN,14.7
2012,2,27,18:10:00,32.867,-117.257,0,Scripps Pier,0,0,0.67,1.79,1.76,1.82,200,0,NaN,0,0.94,0.12,0.49,0.49,0.48,0.28,8000,9200,0,4.93,10,14.6
2012,3,1,21:00:00,32.867,-117.257,0,Scripps Pier,NaN,NaN,NaN,1.45,1.43,1.46,NaN,NaN,NaN,NaN,NaN,NaN,0.75,0.72,0.77,NaN,NaN,NaN,NaN,NaN,NaN,14.7
2012,3,5,18:15:00,32.867,-117.257,0,Scripps Pier,0,0,0.4,2,2,1.99,200,0,NaN,0,4.36,0.27,0.6,0.58,0.61,0.45,13200,9600,0,7.69,10,14.7
2012,3,8,18:15:00,32.867,-117.257,0,Scripps Pier,NaN,NaN,NaN,11.64,11.42,11.85,NaN,NaN,NaN,NaN,NaN,NaN,0.64,0.67,0.6,NaN,NaN,NaN,NaN,NaN,NaN,13.6
2012,3,12,16:10:00,32.867,-117.257,0,Scripps Pier,0,0,0.27,8.21,8.07,8.35,200,0,0.04,0,1.49,0.11,1.01,1.03,0.98,0.31,0,20800,38400,4.71,10,13.3
2012,3,12,17:10:00,32.867,-117.257,0,Scripps Pier,0,0,NaN,8.21,8.07,8.35,200,0,NaN,0,NaN,NaN,1.01,1.03,0.98,NaN,0,20800,38400,NaN,10,13.3
2012,3,15,16:15:00,32.867,-117.257,0,Scripps Pier,NaN,NaN,NaN,5.43,5.33,5.52,NaN,NaN,NaN,NaN,NaN,NaN,1.18,1.18,1.17,NaN,NaN,NaN,NaN,NaN,NaN,13.3
2012,3,19,16:30:00,32.867,-117.257,0,Scripps Pier,0,0,3.26,2.78,2.64,2.91,200,0,NaN,0,3.76,0.23,2.31,2.28,2.33,0.6,1600,3200,16000,6.28,10,13
2012,3,22,16:20:00,32.867,-117.257,0,Scripps Pier,NaN,NaN,3.73,0.62,0.65,0.59,NaN,NaN,NaN,NaN,4.61,0.22,0.29,0.31,0.26,0.72,NaN,NaN,NaN,6.35,NaN,13.3
2012,3,26,16:20:00,32.867,-117.257,0,Scripps Pier,0,0,0.9,2.41,2.36,2.46,200,0,NaN,0,10.52,0.31,0.49,0.46,0.51,1.02,400,400,0,11.56,10,13.1
2012,3,29,16:20:00,32.867,-117.257,0,Scripps Pier,NaN,NaN,0.89,1.88,1.76,1.99,NaN,NaN,NaN,NaN,6.76,0.17,0.97,0.91,1.02,0.73,NaN,NaN,NaN,9.49,NaN,13.8
2012,4,2,16:45:00,32.867,-117.257,0,Scripps Pier,0,0,1.7,2.6,2.64,2.55,200,0,NaN,0,10.11,0.23,1.73,1.63,1.83,0.91,0,400,0,13.18,10,13.4
2012,4,5,16:20:00,32.867,-117.257,0,Scripps Pier,NaN,NaN,0.69,3.48,3.39,3.57,NaN,NaN,NaN,NaN,13.03,0.43,1.61,1.62,1.59,1.47,NaN,NaN,NaN,15.27,NaN,12.9
2012,4,8,16:50:00,32.867,-117.257,0,Scripps Pier,0,0,0.22,5.62,5.66,5.57,200,0,NaN,0,0.61,0.03,1.96,1.91,2,0.32,0,851600,0,7.79,10,14.9
2012,4,12,16:30:00,32.867,-117.257,0,Scripps Pier,NaN,NaN,0.86,2.53,2.42,2.63,200,NaN,NaN,NaN,1.65,0.08,0.74,0.74,0.73,0.4,NaN,NaN,NaN,4.83,NaN,14.7
2012,4,16,16:40:00,32.867,-117.257,0,Scripps Pier,0,0,1.07,2.59,2.71,2.47,200,0,NaN,0,2.65,0.1,1.19,1.18,1.19,0.44,0,114400,26000,6.01,10,14.3
2012,4,19,16:20:00,32.867,-117.257,0,Scripps Pier,NaN,NaN,0.97,3.14,3.12,3.16,NaN,NaN,NaN,NaN,3.7,0.15,1.57,1.53,1.61,0.43,NaN,NaN,NaN,7.02,NaN,15.3
2012,4,23,17:35:00,32.867,-117.257,0,Scripps Pier,0,0,0.96,1.61,1.56,1.66,200,0,NaN,0,2.09,0.05,0.78,0.72,0.83,0.38,3200,7200,37600,7.48,10,15.6
2012,4,26,16:30:00,32.867,-117.257,0,Scripps Pier,NaN,NaN,1,4.14,4.03,4.25,NaN,NaN,NaN,NaN,1.5,0.05,0.72,0.74,0.69,0.29,NaN,NaN,NaN,3.13,NaN,15.3
2012,4,30,17:05:00,32.867,-117.257,0,Scripps Pier,0,0,0.73,1.4,1.38,1.41,200,0,0.12,0,0.3,0.02,0.44,0.42,0.45,0.17,400,114800,253600,0.59,10,16.5
2012,5,3,16:40:00,32.867,-117.257,0,Scripps Pier,NaN,NaN,1.84,0.84,0.84,0.83,200,NaN,NaN,NaN,0.33,0.08,0.39,0.39,0.38,0.28,NaN,NaN,NaN,1.57,NaN,17.3
2012,5,7,16:00:00,32.867,-117.257,0,Scripps Pier,0,0,0.57,0.7,0.7,0.69,200,0,NaN,0,0.15,0.02,0.5,0.48,0.52,0.24,0,4800,0,2.17,10,17.9
2012,5,10,16:30:00,32.867,-117.257,0,Scripps Pier,NaN,NaN,0.27,0.68,0.7,0.65,NaN,NaN,NaN,NaN,0.16,0.05,0.33,0.33,0.32,0.22,NaN,NaN,NaN,2.31,NaN,18.6
2012,5,14,16:15:00,32.867,-117.257,0,Scripps Pier,0,0,0.15,1.66,1.63,1.68,200,0,NaN,0,0.16,0.03,0.62,0.58,0.66,0.26,800,17600,0,3.25,10,18.9
2012,5,17,16:30:00,32.867,-117.257,0,Scripps Pier,NaN,NaN,0.32,3.88,3.84,3.92,NaN,NaN,NaN,NaN,0.81,0.05,1.25,1.24,1.26,0.27,NaN,NaN,NaN,6.21,NaN,18
2012,5,21,16:20:00,32.867,-117.257,0,Scripps Pier,0,0,0.63,1.45,1.43,1.47,200,0,NaN,0,0.12,0.04,0.67,0.64,0.69,0.26,15600,12000,0,5.12,10,18.7
2012,5,24,16:30:00,32.867,-117.257,0,Scripps Pier,NaN,NaN,0.48,1.22,1.21,1.22,NaN,NaN,NaN,NaN,0.47,0.05,0.59,0.55,0.62,0.28,NaN,NaN,NaN,4.4,NaN,18
2012,5,28,16:20:00,32.867,-117.257,0,Scripps Pier,0,0,0.25,1.14,1.14,1.13,200,0,NaN,0,0.11,0.07,0.55,0.57,0.53,0.27,800,41200,0,4.12,10,18.7
2012,5,28,16:50:00,32.867,-117.257,0,Scripps Pier,0,0,NaN,1.14,1.14,1.13,200,0,NaN,0,NaN,NaN,0.55,0.57,0.53,NaN,800,41200,0,NaN,10,18.7
2012,5,31,16:20:00,32.867,-117.257,0,Scripps Pier,NaN,NaN,0.32,0.76,0.73,0.78,NaN,NaN,NaN,NaN,0.1,0.03,0.38,0.38,0.37,0.3,NaN,NaN,NaN,3.41,NaN,19.3
2012,6,5,18:30:00,32.867,-117.257,0,Scripps Pier,0,0,0.25,0.57,0.55,0.59,200,0,NaN,0,0.13,0.03,0.25,0.26,0.23,0.25,1200,800,0,3.55,10,19.3
2012,6,7,16:40:00,32.867,-117.257,0,Scripps Pier,NaN,NaN,0.23,1.02,1.02,1.02,NaN,NaN,NaN,NaN,1,0.08,0.64,0.61,0.67,0.33,NaN,NaN,NaN,3.87,NaN,18.2
2012,6,11,18:05:00,32.867,-117.257,0,Scripps Pier,0,0,0.19,0.95,0.96,0.94,200,0,NaN,0,0.11,0.07,0.38,0.38,0.37,0.26,1600,14800,0,2.78,10,19
2012,6,14,16:45:00,32.867,-117.257,0,Scripps Pier,NaN,NaN,0.35,1.39,1.38,1.39,NaN,NaN,NaN,NaN,0.55,0.04,0.67,0.54,0.8,0.3,NaN,NaN,NaN,2.57,NaN,17.5
2012,6,18,16:45:00,32.867,-117.257,0,Scripps Pier,0,0,0.45,1.04,1.04,1.04,200,0,NaN,0,0.16,0.04,0.33,0.32,0.34,0.27,3600,19200,0,1.12,10,18.5
2012,6,21,18:35:00,32.867,-117.257,0,Scripps Pier,NaN,NaN,0.18,1.91,1.88,1.94,NaN,NaN,NaN,NaN,0.17,0,0.58,0.54,0.61,0.3,NaN,NaN,NaN,1.26,NaN,19.1
2012,6,26,16:45:00,32.867,-117.257,0,Scripps Pier,0,0,0.32,0.89,0.89,0.88,200,0,NaN,0,0.05,0.04,0.22,0.22,0.22,0.26,4400,10800,5200,1.77,10,20.1
2012,6,29,16:55:00,32.867,-117.257,0,Scripps Pier,NaN,NaN,0.53,1.2,1.21,1.19,NaN,NaN,NaN,NaN,0.16,0.03,0.27,0.26,0.28,0.23,NaN,NaN,NaN,1.18,NaN,19.8
2012,7,2,16:15:00,32.867,-117.257,0,Scripps Pier,0,0,0.33,0.89,0.88,0.89,200,0,NaN,0,0.28,0.01,0.12,0.12,0.11,0.21,1200,12000,400,0.54,10,20.5
2012,7,5,16:35:00,32.867,-117.257,0,Scripps Pier,NaN,NaN,0.82,1.11,1.1,1.12,NaN,NaN,NaN,NaN,0.25,0.06,0.26,0.25,0.26,0.24,NaN,NaN,NaN,1.36,NaN,19.4
2012,7,9,16:35:00,32.867,-117.257,0,Scripps Pier,0,0,0.68,1.62,1.63,1.6,200,0,NaN,0,2.04,0.1,0.42,0.4,0.44,0.45,800,88000,52400,3.09,10,14.3
2012,7,12,16:35:00,32.867,-117.257,0,Scripps Pier,NaN,NaN,0.57,0.83,0.82,0.84,NaN,NaN,NaN,NaN,0.36,0.03,0.34,0.32,0.35,0.24,NaN,NaN,NaN,1.9,NaN,18.9
2012,7,16,16:40:00,32.867,-117.257,0,Scripps Pier,0,0,1,0.7,0.7,0.7,200,0,NaN,0,0.27,0.05,0.28,0.29,0.27,0.22,1600,11600,3600,1.5,10,19.9
2012,7,19,16:45:00,32.867,-117.257,0,Scripps Pier,NaN,NaN,0.15,1.01,1.01,1.01,NaN,NaN,NaN,NaN,0.22,0.02,0.32,0.33,0.31,0.19,NaN,NaN,NaN,0.92,NaN,20.1
2012,7,23,16:45:00,32.867,-117.257,0,Scripps Pier,0,0,0.59,1.08,1.05,1.1,200,0,NaN,0,0.28,0.04,0.87,0.9,0.83,0.21,400,4800,1200,0.82,10,21
2012,7,26,17:15:00,32.867,-117.257,0,Scripps Pier,NaN,NaN,0.35,0.74,0.73,0.74,NaN,NaN,NaN,NaN,0.23,0.01,0.51,0.52,0.49,0.19,NaN,NaN,NaN,0.99,NaN,21
2012,7,30,16:40:00,32.867,-117.257,0,Scripps Pier,0,0,0.19,1.23,1.21,1.24,200,0,NaN,0,0.08,0.03,0.66,0.67,0.64,0.22,1200,14000,9200,1.65,10,19.8
2012,8,2,16:45:00,32.867,-117.257,0,Scripps Pier,NaN,NaN,NaN,2.1,2.09,2.1,NaN,NaN,NaN,NaN,NaN,NaN,1.03,1.03,1.03,NaN,NaN,NaN,NaN,NaN,NaN,20.8
2012,8,6,17:20:00,32.867,-117.257,0,Scripps Pier,0,0,0.39,1.67,1.65,1.68,200,400,NaN,0,0.23,0.06,0.82,0.82,0.81,0.2,16000,14400,31200,1.35,10,20.2
2012,8,9,17:40:00,32.867,-117.257,0,Scripps Pier,NaN,NaN,NaN,2.54,2.51,2.56,NaN,NaN,NaN,NaN,NaN,NaN,1.1,1.07,1.12,NaN,NaN,NaN,NaN,NaN,NaN,21.1
2012,8,13,17:21:00,32.867,-117.257,0,Scripps Pier,0,0,0.49,1.42,1.42,1.42,200,0,NaN,0,0.06,0.05,0.56,0.52,0.6,0.22,2800,6000,0,1.31,10,21.2
2012,8,16,16:25:00,32.867,-117.257,0,Scripps Pier,NaN,NaN,NaN,1.49,1.5,1.47,NaN,NaN,NaN,NaN,NaN,NaN,0.47,0.46,0.48,NaN,NaN,NaN,NaN,NaN,NaN,22
2012,8,20,18:15:00,32.867,-117.257,0,Scripps Pier,0,0,0.11,1.06,1.04,1.07,200,0,NaN,0,0.1,0.03,0.22,0.21,0.23,0.2,5200,3200,0,1.78,10,23.1
2012,8,23,17:40:00,32.867,-117.257,0,Scripps Pier,NaN,NaN,NaN,1.04,1.06,1.02,NaN,NaN,NaN,NaN,NaN,NaN,0.43,0.42,0.43,NaN,NaN,NaN,NaN,NaN,NaN,21.9
2012,8,27,17:30:00,32.867,-117.257,0,Scripps Pier,0,0,0.33,2.35,2.42,2.28,200,0,NaN,0,0.1,0.04,0.73,0.73,0.73,0.31,7200,1600,0,2.27,10,21.8
2012,8,27,18:15:00,32.867,-117.257,0,Scripps Pier,0,0,NaN,2.35,2.42,2.28,200,0,NaN,0,NaN,NaN,0.73,0.73,0.73,NaN,7200,1600,0,NaN,10,21.8
2012,8,30,17:30:00,32.867,-117.257,0,Scripps Pier,NaN,NaN,NaN,2.81,2.85,2.76,NaN,NaN,NaN,NaN,NaN,NaN,0.5,0.46,0.53,NaN,NaN,NaN,NaN,NaN,NaN,22.6
2012,9,4,17:55:00,32.867,-117.257,0,Scripps Pier,0,0,0.4,2.06,2.05,2.06,200,0,NaN,0,0.27,0.05,0.54,0.52,0.55,0.33,4800,12400,0,3.1,10,19.7
2012,9,6,17:22:00,32.867,-117.257,0,Scripps Pier,NaN,NaN,NaN,1.64,1.63,1.65,NaN,NaN,NaN,NaN,NaN,NaN,0.5,0.49,0.51,NaN,NaN,NaN,NaN,NaN,NaN,19.7
2012,9,10,16:30:00,32.867,-117.257,0,Scripps Pier,0,0,0.63,1,1,1,200,400,NaN,0,0.13,0.06,0.33,0.32,0.33,0.25,1200,7600,0,2.93,10,22.2
2012,9,13,16:35:00,32.867,-117.257,0,Scripps Pier,NaN,NaN,NaN,1.36,1.35,1.36,NaN,NaN,NaN,NaN,NaN,NaN,0.59,0.57,0.6,NaN,NaN,NaN,NaN,NaN,NaN,22.1
2012,9,17,16:40:00,32.867,-117.257,0,Scripps Pier,0,0,0.54,0.57,0.56,0.57,200,0,NaN,0,0.05,0.12,0.2,0.2,0.19,0.3,1600,4400,0,2.48,10,20.1
2012,9,20,16:45:00,32.867,-117.257,0,Scripps Pier,NaN,NaN,NaN,1.45,1.39,1.5,NaN,NaN,NaN,NaN,NaN,NaN,0.41,0.39,0.42,NaN,NaN,NaN,NaN,NaN,NaN,20
2012,9,24,16:20:00,32.867,-117.257,0,Scripps Pier,0,0,1.12,1.18,1.16,1.2,200,0,NaN,0,0.23,0.05,0.43,0.42,0.43,0.32,13600,2000,0,2.96,10,20.6
2012,9,27,16:15:00,32.867,-117.257,0,Scripps Pier,NaN,NaN,NaN,1.43,1.42,1.44,NaN,NaN,NaN,NaN,NaN,NaN,0.58,0.52,0.64,NaN,NaN,NaN,NaN,NaN,NaN,19.4
2012,10,1,17:30:00,32.867,-117.257,0,Scripps Pier,0,0,1.2,2.2,2.14,2.25,200,0,NaN,800,0.04,0.09,0.43,0.43,0.43,0.29,14800,6400,0,3.25,10,20.4
2012,10,4,16:15:00,32.867,-117.257,0,Scripps Pier,NaN,NaN,NaN,1.39,1.39,1.38,NaN,NaN,NaN,NaN,NaN,NaN,0.49,0.48,0.5,NaN,NaN,NaN,NaN,NaN,NaN,20.1
2012,10,4,16:50:00,32.867,-117.257,0,Scripps Pier,NaN,NaN,NaN,1.39,1.39,1.38,NaN,NaN,NaN,NaN,NaN,NaN,0.49,0.48,0.5,NaN,NaN,NaN,NaN,NaN,NaN,20.1
2012,10,8,17:10:00,32.867,-117.257,0,Scripps Pier,0,0,1.89,0.96,0.97,0.95,200,0,NaN,1600,0.11,0.05,0.43,0.43,0.42,0.31,4800,4400,0,3.27,10,19.5
2012,10,11,16:35:00,32.867,-117.257,0,Scripps Pier,NaN,NaN,NaN,1.75,1.71,1.79,NaN,NaN,NaN,NaN,NaN,NaN,0.48,0.42,0.54,NaN,NaN,NaN,NaN,NaN,NaN,20
2012,10,15,16:30:00,32.867,-117.257,0,Scripps Pier,0,0,0.73,1.55,1.53,1.56,200,0,NaN,1600,0.03,0.04,0.61,0.59,0.62,0.29,8800,2400,0,3.19,10,18.9
2012,10,18,16:15:00,32.867,-117.257,0,Scripps Pier,NaN,NaN,NaN,1.32,1.29,1.35,NaN,NaN,NaN,NaN,NaN,NaN,0.99,0.99,0.99,NaN,NaN,NaN,NaN,NaN,NaN,18.5
2012,10,22,16:35:00,32.867,-117.257,0,Scripps Pier,0,0,1.34,1.07,1.05,1.08,200,400,NaN,0,0.1,0.04,0.6,0.58,0.61,0.3,2400,4000,0,3.01,10,19.5
2012,10,25,16:50:00,32.867,-117.257,0,Scripps Pier,NaN,NaN,NaN,1.62,1.62,1.62,NaN,NaN,NaN,NaN,NaN,NaN,1.06,1.03,1.09,NaN,NaN,NaN,NaN,NaN,NaN,18.4
2012,10,29,16:45:00,32.867,-117.257,0,Scripps Pier,0,0,0.28,1.32,1.29,1.34,200,0,NaN,400,0.08,0.06,0.6,0.59,0.6,0.28,12000,12400,0,3.55,10,18.7
2012,11,1,17:25:00,32.867,-117.257,0,Scripps Pier,NaN,NaN,NaN,1.08,1.07,1.08,NaN,NaN,NaN,NaN,NaN,NaN,0.54,0.51,0.56,NaN,NaN,NaN,NaN,NaN,NaN,18.7
2012,11,5,18:20:00,32.867,-117.257,0,Scripps Pier,0,0,0.65,1.1,1.09,1.11,200,0,NaN,0,0.23,0.03,0.6,0.58,0.61,0.31,1200,6800,0,3.49,10,17.8
2012,11,8,19:00:00,32.867,-117.257,0,Scripps Pier,NaN,NaN,NaN,0.98,0.98,0.98,NaN,NaN,NaN,NaN,NaN,NaN,0.5,0.5,0.49,NaN,NaN,NaN,NaN,NaN,NaN,18.4
2012,11,13,20:55:00,32.867,-117.257,0,Scripps Pier,0,0,0.64,1.91,1.91,1.9,200,800,NaN,800,0.18,0.1,1.03,1.04,1.02,0.34,8800,19600,800,4.12,10,16.6
2012,11,15,18:56:00,32.867,-117.257,0,Scripps Pier,NaN,NaN,NaN,1.61,1.57,1.64,NaN,NaN,NaN,NaN,NaN,NaN,0.6,0.65,0.54,NaN,NaN,NaN,NaN,NaN,NaN,16.8
2012,11,19,19:30:00,32.867,-117.257,0,Scripps Pier,0,0,1.34,0.91,0.92,0.89,200,0,NaN,0,0.4,0.04,0.34,0.33,0.35,0.37,2400,6800,0,3.77,10,17
2012,11,21,18:35:00,32.867,-117.257,0,Scripps Pier,NaN,NaN,NaN,1.9,1.91,1.88,NaN,NaN,NaN,NaN,NaN,NaN,0.9,0.88,0.92,NaN,NaN,NaN,NaN,NaN,NaN,16.5
2012,11,26,18:45:00,32.867,-117.257,0,Scripps Pier,0,0,0.64,1.02,0.98,1.06,200,0,NaN,400,0.07,0.02,0.36,0.35,0.36,0.31,4000,5600,800,3.03,10,16.5
2012,11,29,18:30:00,32.867,-117.257,0,Scripps Pier,NaN,NaN,NaN,1.39,1.38,1.4,NaN,NaN,NaN,NaN,NaN,NaN,0.47,0.45,0.48,NaN,NaN,NaN,NaN,NaN,NaN,16.4
2012,12,3,18:15:00,32.867,-117.257,0,Scripps Pier,0,0,1.42,1.41,1.39,1.43,200,0,NaN,0,0.48,0.12,0.92,0.93,0.91,0.37,800,4000,0,2.89,10,16.6
2012,12,6,18:20:00,32.867,-117.257,0,Scripps Pier,NaN,NaN,NaN,1.86,1.83,1.88,NaN,NaN,NaN,NaN,NaN,NaN,1.02,1.01,1.03,NaN,NaN,NaN,NaN,NaN,NaN,16.3
2012,12,10,19:00:00,32.867,-117.257,0,Scripps Pier,0,0,1.21,1.46,1.43,1.48,200,0,NaN,0,1.18,0.24,0.82,0.8,0.83,0.46,1200,5200,0,4.87,10,16
2012,12,13,17:45:00,32.867,-117.257,0,Scripps Pier,NaN,NaN,NaN,1.94,1.9,1.98,NaN,NaN,NaN,NaN,NaN,NaN,0.87,0.93,0.8,NaN,NaN,NaN,NaN,NaN,NaN,15.6
2012,12,17,18:45:00,32.867,-117.257,0,Scripps Pier,0,0,0.61,1.38,1.36,1.39,200,0,NaN,0,0.52,0.03,0.58,0.57,0.59,0.37,4000,5200,0,4.36,10,15.8
2012,12,20,18:45:00,32.867,-117.257,0,Scripps Pier,NaN,NaN,NaN,1,0.96,1.03,NaN,NaN,NaN,NaN,NaN,NaN,0.42,0.42,0.42,NaN,NaN,NaN,NaN,NaN,NaN,15.7
2012,12,23,18:10:00,32.867,-117.257,0,Scripps Pier,0,0,0.62,1.38,1.32,1.44,200,0,NaN,400,1.45,0.17,0.65,0.64,0.65,0.39,2800,5200,0,4.12,10,15.1
2012,12,31,19:45:00,32.867,-117.257,0,Scripps Pier,400,0,0.37,2.74,2.67,2.81,200,0,NaN,400,0.5,0.08,0.77,0.81,0.73,0.26,4000,52400,18000,1.83,10,14.3
2013,1,3,18:56:00,32.867,-117.257,0,Scripps Pier,NaN,NaN,NaN,3.19,3.22,3.15,NaN,NaN,NaN,NaN,NaN,NaN,0.63,0.59,0.67,NaN,NaN,NaN,NaN,NaN,NaN,14.1
2013,1,7,19:30:00,32.867,-117.257,0,Scripps Pier,2000,0,0.75,2.4,2.27,2.53,200,0,NaN,0,2.13,0.19,1.11,1.1,1.11,0.39,3200,122800,21600,3.04,10,13.6
2013,1,10,18:30:00,32.867,-117.257,0,Scripps Pier,NaN,NaN,NaN,3.06,3.01,3.11,NaN,NaN,NaN,NaN,NaN,NaN,1.07,1.09,1.05,NaN,NaN,NaN,NaN,NaN,NaN,13.5
2013,1,14,19:30:00,32.867,-117.257,0,Scripps Pier,800,0,0.17,2.27,2.27,2.26,200,0,NaN,400,4.4,0.19,0.54,0.55,0.53,0.5,2400,23200,15600,5.3,10,12.9
2013,1,17,18:32:00,32.867,-117.257,0,Scripps Pier,NaN,NaN,NaN,2.13,2.09,2.17,NaN,NaN,NaN,NaN,NaN,NaN,0.57,0.57,0.56,NaN,NaN,NaN,NaN,NaN,NaN,12.8
2013,1,22,18:00:00,32.867,-117.257,0,Scripps Pier,0,0,0.69,1.53,1.5,1.55,200,0,NaN,0,2.06,0.17,0.76,0.74,0.77,0.4,800,14800,2800,4.98,10,13.2
2013,1,24,18:30:00,32.867,-117.257,0,Scripps Pier,NaN,NaN,NaN,1.93,1.88,1.98,NaN,NaN,NaN,NaN,NaN,NaN,1.08,1.04,1.12,NaN,NaN,NaN,NaN,NaN,NaN,13.3
2013,1,28,20:30:00,32.867,-117.257,0,Scripps Pier,0,0,0.99,2.18,2.13,2.22,200,0,NaN,0,0.74,0.09,1.33,1.24,1.42,0.36,1200,2000,0,4.17,10,14
2013,1,31,18:40:00,32.867,-117.257,0,Scripps Pier,NaN,NaN,NaN,1.65,1.66,1.63,NaN,NaN,NaN,NaN,NaN,NaN,0.65,0.64,0.65,NaN,NaN,NaN,NaN,NaN,NaN,14
2013,2,4,19:30:00,32.867,-117.257,0,Scripps Pier,0,0,0.4,2.22,2.18,2.26,200,0,NaN,0,3.14,0.2,1.05,1,1.09,0.46,0,1600,0,6.16,10,13.9
2013,2,7,18:10:00,32.867,-117.257,0,Scripps Pier,NaN,NaN,NaN,1.65,1.63,1.66,NaN,NaN,NaN,NaN,NaN,NaN,0.89,0.89,0.88,NaN,NaN,NaN,NaN,NaN,NaN,14.1
2013,2,11,20:15:00,32.867,-117.257,0,Scripps Pier,0,0,0.73,1.67,1.7,1.64,200,0,NaN,0,1.06,0.11,0.87,0.89,0.84,0.32,0,800,0,5.25,10,14
2013,2,14,18:45:00,32.867,-117.257,0,Scripps Pier,NaN,NaN,NaN,2.24,2.27,2.2,NaN,NaN,NaN,NaN,NaN,NaN,1.29,1.29,1.29,NaN,NaN,NaN,NaN,NaN,NaN,14.1
2013,2,19,18:50:00,32.867,-117.257,0,Scripps Pier,0,0,0.39,1.22,1.17,1.27,200,0,NaN,0,0.59,0.07,0.66,0.68,0.63,0.28,0,3600,0,3.49,10,14.1
2013,2,21,18:45:00,32.867,-117.257,0,Scripps Pier,NaN,NaN,NaN,1.79,1.77,1.81,NaN,NaN,NaN,NaN,NaN,NaN,1.21,1.21,1.21,NaN,NaN,NaN,NaN,NaN,NaN,13.5
2013,2,25,19:30:00,32.867,-117.257,0,Scripps Pier,0,0,0.49,2.33,2.27,2.39,200,0,NaN,0,0.91,0.12,1.01,1.02,0.99,0.27,400,10800,0,5.91,10,14.1
2013,2,28,18:40:00,32.867,-117.257,0,Scripps Pier,NaN,NaN,NaN,2.08,1.9,2.25,NaN,NaN,NaN,NaN,NaN,NaN,1.17,1.01,1.33,NaN,NaN,NaN,NaN,NaN,NaN,13.6
2013,3,4,19:20:00,32.867,-117.257,0,Scripps Pier,0,0,0.49,3.24,3.22,3.26,200,0,NaN,0,1.28,0.09,1.19,1.18,1.19,0.27,400,72800,4400,5.84,10,14.4
2013,3,7,18:40:00,32.867,-117.257,0,Scripps Pier,NaN,NaN,NaN,1.44,1.45,1.42,NaN,NaN,NaN,NaN,NaN,NaN,0.75,0.78,0.72,NaN,NaN,NaN,NaN,NaN,NaN,14.5
2013,3,11,18:05:00,32.867,-117.257,0,Scripps Pier,0,0,0.66,1.28,1.28,1.28,200,0,NaN,0,1.02,0.13,0.63,0.61,0.65,0.3,480,6880,160,3.32,50,14.8
2013,3,14,16:45:00,32.867,-117.257,0,Scripps Pier,NaN,NaN,NaN,2.21,2.2,2.22,NaN,NaN,NaN,NaN,NaN,NaN,0.79,0.8,0.78,NaN,NaN,NaN,NaN,NaN,NaN,14.9
2013,3,18,16:20:00,32.867,-117.257,0,Scripps Pier,0,0,0.54,1.42,1.49,1.34,200,0,NaN,0,0.75,0.09,0.54,0.54,0.54,0.24,400,10800,400,1.95,10,14.5
2013,3,21,16:25:00,32.867,-117.257,0,Scripps Pier,NaN,NaN,NaN,1.31,1.31,1.3,NaN,NaN,NaN,NaN,NaN,NaN,0.86,0.81,0.91,NaN,NaN,NaN,NaN,NaN,NaN,14.8
2013,3,25,16:50:00,32.867,-117.257,0,Scripps Pier,0,0,0.56,1.07,1.06,1.07,200,0,NaN,0,2.78,0.18,1.06,1.05,1.07,0.4,0,3600,2000,4.77,10,14.4
2013,3,28,16:40:00,32.867,-117.257,0,Scripps Pier,NaN,NaN,NaN,1.36,1.36,1.36,NaN,NaN,NaN,NaN,NaN,NaN,0.65,0.63,0.67,NaN,NaN,NaN,NaN,NaN,NaN,16.4
2013,4,1,16:10:00,32.867,-117.257,0,Scripps Pier,0,0,0.28,1.72,1.74,1.7,200,0,NaN,0,1.25,0.11,0.82,0.86,0.78,0.29,0,4800,1600,4.14,10,16.1
2013,4,4,17:05:00,32.867,-117.257,0,Scripps Pier,NaN,NaN,NaN,2.04,2,2.07,NaN,NaN,NaN,NaN,NaN,NaN,0.94,1,0.88,NaN,NaN,NaN,NaN,NaN,NaN,15.5
2013,4,9,16:50:00,32.867,-117.257,0,Scripps Pier,0,0,0.54,3.08,3.16,2.99,200,0,0.2,0,5.39,0.22,2.48,2.21,2.74,0.59,4000,4800,28000,9.6,10,14.6
2013,4,11,16:35:00,32.867,-117.257,0,Scripps Pier,NaN,NaN,NaN,1.31,1.26,1.36,NaN,NaN,NaN,NaN,NaN,NaN,0.67,0.66,0.67,NaN,NaN,NaN,NaN,NaN,NaN,13.7
2013,4,15,18:20:00,32.867,-117.257,0,Scripps Pier,0,0,0.14,2.65,2.58,2.71,200,0,2.64,0,0.21,0.06,0.69,0.71,0.67,0.37,800,4000,167200,0.7,10,15.4
2013,4,18,16:56:00,32.867,-117.257,0,Scripps Pier,NaN,NaN,NaN,1.17,1.12,1.21,NaN,NaN,NaN,NaN,NaN,NaN,0.5,0.53,0.47,NaN,NaN,NaN,NaN,NaN,NaN,15.8
2013,4,22,17:50:00,32.867,-117.257,0,Scripps Pier,0,0,0.53,1.08,1.07,1.09,200,0,NaN,0,0.14,0.01,0.5,0.48,0.52,0.13,2000,18800,3600,0.62,10,17.7
2013,4,25,17:05:00,32.867,-117.257,0,Scripps Pier,NaN,NaN,NaN,1,0.97,1.02,NaN,NaN,NaN,NaN,NaN,NaN,0.39,0.4,0.37,NaN,NaN,NaN,NaN,NaN,NaN,17.1
2013,4,29,17:25:00,32.867,-117.257,0,Scripps Pier,0,0,0.65,1.48,1.46,1.5,200,800,NaN,0,0.3,0.07,0.58,0.58,0.58,0.2,2000,9200,0,2.27,10,17
2013,5,2,16:15:00,32.867,-117.257,0,Scripps Pier,NaN,NaN,NaN,0.93,0.94,0.91,NaN,NaN,NaN,NaN,NaN,NaN,0.2,0.17,0.22,NaN,NaN,NaN,NaN,NaN,NaN,17.8
2013,5,6,17:20:00,32.867,-117.257,0,Scripps Pier,0,0,0.06,1.52,1.54,1.5,200,0,0.2,0,0.11,0.04,0.38,0.3,0.45,0.23,2800,12000,8800,1.72,10,17.3
2013,5,9,16:45:00,32.867,-117.257,0,Scripps Pier,NaN,NaN,NaN,1.28,1.29,1.26,NaN,NaN,NaN,NaN,NaN,NaN,0.48,0.48,0.47,NaN,NaN,NaN,NaN,NaN,NaN,18.5
2013,5,13,17:30:00,32.867,-117.257,0,Scripps Pier,0,0,0.8,1.64,1.66,1.61,200,0,0.08,0,0.09,0.05,0.59,0.55,0.63,0.22,13600,26400,3600,2.15,10,19.1
2013,5,16,17:00:00,32.867,-117.257,0,Scripps Pier,NaN,NaN,NaN,1.82,1.75,1.89,NaN,NaN,NaN,NaN,NaN,NaN,0.64,0.6,0.68,NaN,NaN,NaN,NaN,NaN,NaN,17.1
2013,5,20,17:25:00,32.867,-117.257,0,Scripps Pier,0,0,0.97,0.6,0.57,0.63,200,0,0.1,0,0.16,0.02,0.31,0.31,0.31,0.21,1600,5600,0,4.33,10,19.6
2013,5,23,16:35:00,32.867,-117.257,0,Scripps Pier,NaN,NaN,NaN,0.86,0.84,0.88,NaN,NaN,NaN,NaN,NaN,NaN,0.39,0.37,0.4,NaN,NaN,NaN,NaN,NaN,NaN,19.6
2013,5,27,15:50:00,32.867,-117.257,0,Scripps Pier,0,0,0.25,0.67,0.65,0.69,200,0,NaN,0,0.01,0.05,0.32,0.34,0.3,0.14,1200,8800,1200,1.56,10,19.9
2013,5,30,16:55:00,32.867,-117.257,0,Scripps Pier,NaN,NaN,NaN,0.75,0.7,0.79,NaN,NaN,NaN,NaN,NaN,NaN,0.42,0.4,0.44,NaN,NaN,NaN,NaN,NaN,NaN,20.4
2013,6,3,17:40:00,32.867,-117.257,0,Scripps Pier,0,0,0.82,0.66,0.64,0.68,200,0,NaN,0,0.07,0.06,0.35,0.34,0.35,0.21,800,2400,0,2.3,10,20.3
2013,6,6,16:40:00,32.867,-117.257,0,Scripps Pier,NaN,NaN,NaN,0.89,0.9,0.88,NaN,NaN,NaN,NaN,NaN,NaN,0.69,0.65,0.73,NaN,NaN,NaN,NaN,NaN,NaN,19.9
2013,6,10,16:00:00,32.867,-117.257,0,Scripps Pier,0,0,0.38,0.71,0.7,0.72,200,0,NaN,0,0.03,0.06,0.34,0.33,0.34,0.18,0,5600,0,3.15,10,19.1
2013,6,13,16:50:00,32.867,-117.257,0,Scripps Pier,NaN,NaN,NaN,1.24,1.24,1.23,NaN,NaN,NaN,NaN,NaN,NaN,0.63,0.67,0.59,NaN,NaN,NaN,NaN,NaN,NaN,19.4
2013,6,17,16:00:00,32.867,-117.257,0,Scripps Pier,0,0,0.34,1.13,1.14,1.12,200,0,NaN,0,0.13,0.04,0.41,0.39,0.42,0.13,2400,2800,0,3.29,10,20.6
2013,6,20,16:30:00,32.867,-117.257,0,Scripps Pier,NaN,NaN,NaN,1.58,1.57,1.58,NaN,NaN,NaN,NaN,NaN,NaN,0.58,0.56,0.6,NaN,NaN,NaN,NaN,NaN,NaN,20.3
2013,6,24,17:35:00,32.867,-117.257,0,Scripps Pier,0,0,0.35,0.9,0.89,0.9,200,0,NaN,0,0.05,0.02,0.38,0.39,0.36,0.13,0,3600,0,1.92,10,19.5
2013,6,27,15:45:00,32.867,-117.257,0,Scripps Pier,NaN,NaN,NaN,1.92,1.9,1.94,NaN,NaN,NaN,NaN,NaN,NaN,0.8,0.79,0.81,NaN,NaN,NaN,NaN,NaN,NaN,20.7
2013,7,1,17:15:00,32.867,-117.257,0,Scripps Pier,0,0,0.46,0.78,0.77,0.78,200,400,NaN,0,0.11,0.04,0.46,0.45,0.46,0.16,800,4000,0,2.89,10,19.5
2013,7,8,17:20:00,32.867,-117.257,0,Scripps Pier,0,0,0.24,1.37,1.37,1.37,200,0,NaN,0,0.04,0.02,0.53,0.52,0.54,0.14,1200,2400,400,1.95,10,21.3
2013,7,11,17:00:00,32.867,-117.257,0,Scripps Pier,NaN,NaN,NaN,0.76,0.76,0.75,NaN,NaN,NaN,NaN,NaN,NaN,0.32,0.33,0.31,NaN,NaN,NaN,NaN,NaN,NaN,20.9
2013,7,15,17:20:00,32.867,-117.257,0,Scripps Pier,0,0,0.38,0.94,0.93,0.94,200,0,NaN,0,0.11,0.05,0.25,0.25,0.25,0.13,800,8400,800,2.59,10,22.1
2013,7,18,17:55:00,32.867,-117.257,0,Scripps Pier,NaN,NaN,NaN,1.44,1.43,1.45,NaN,NaN,NaN,NaN,NaN,NaN,0.52,0.48,0.56,NaN,NaN,NaN,NaN,NaN,NaN,20.6
2013,7,22,17:00:00,32.867,-117.257,0,Scripps Pier,0,0,0.46,1.77,1.78,1.76,200,0,NaN,400,0.07,0.05,0.39,0.35,0.42,0.12,21600,14800,0,3.73,10,20.1
2013,7,25,17:05:00,32.867,-117.257,0,Scripps Pier,NaN,NaN,NaN,2.51,2.47,2.54,NaN,NaN,NaN,NaN,NaN,NaN,0.94,0.95,0.92,NaN,NaN,NaN,NaN,NaN,NaN,18.8
2013,7,29,17:22:00,32.867,-117.257,0,Scripps Pier,0,0,0.87,2.85,2.86,2.83,200,0,0.4,0,1.51,0.09,0.94,0.84,1.03,0.26,6000,26800,59200,4.97,10,17.1
2013,8,1,18:47:00,32.867,-117.257,0,Scripps Pier,NaN,NaN,NaN,2.33,2.32,2.33,NaN,NaN,NaN,NaN,NaN,NaN,0.62,0.63,0.6,NaN,NaN,NaN,NaN,NaN,NaN,17.5
2013,8,5,17:15:00,32.867,-117.257,0,Scripps Pier,0,0,0.47,1.03,1.01,1.04,200,400,NaN,0,0.06,0.03,0.42,0.42,0.41,0.17,10800,11200,3200,2.15,10,20
2013,8,8,16:14:00,32.867,-117.257,0,Scripps Pier,NaN,NaN,NaN,0.98,0.99,0.97,NaN,NaN,NaN,NaN,NaN,NaN,0.41,0.4,0.41,NaN,NaN,NaN,NaN,NaN,NaN,20.5
2013,8,12,17:08:00,32.867,-117.257,0,Scripps Pier,0,0,0.46,1.52,1.51,1.53,200,0,NaN,0,0.01,0.01,0.58,0.58,0.57,0.13,4400,25200,1200,1.84,10,21.2
2013,8,19,17:15:00,32.867,-117.257,0,Scripps Pier,0,0,0.85,1.04,1.03,1.05,200,0,0.1,0,0.06,0.06,0.46,0.42,0.5,0.17,800,14000,6400,2.52,10,19.7
2013,8,26,16:55:00,32.867,-117.257,0,Scripps Pier,0,0,1.34,1.1,1.11,1.09,200,0,NaN,0,0.22,0.02,0.51,0.5,0.51,0.24,1200,18800,1200,2.09,10,18.6
2013,9,3,17:35:00,32.867,-117.257,0,Scripps Pier,0,0,0.44,3.46,3.6,3.32,200,0,NaN,10000,0.31,0.04,0.6,0.66,0.54,0.22,48400,14400,6000,0.9,10,20.1
2013,9,9,17:20:00,32.867,-117.257,0,Scripps Pier,0,0,0.17,2.39,2.46,2.32,200,1200,NaN,1200,0.44,0.02,0.49,0.5,0.48,0.2,35600,11200,0,2.16,10,20.1
2013,9,16,17:15:00,32.867,-117.257,0,Scripps Pier,0,0,1.16,1.24,1.15,1.32,200,400,NaN,800,0.36,0.06,0.84,0.87,0.81,0.26,4000,3200,1200,1.94,10,20.6
2013,9,23,17:22:00,32.867,-117.257,0,Scripps Pier,0,0,0.92,1.24,1.26,1.21,200,400,NaN,2000,0.33,0.06,0.42,0.37,0.47,0.28,5600,3200,0,1.73,10,20
2013,9,30,16:30:00,32.867,-117.257,0,Scripps Pier,0,0,0.59,1.9,1.92,1.87,200,0,NaN,400,0.34,0.08,0.65,0.66,0.63,0.28,1200,20000,0,2.14,10,19.4
2013,10,7,16:32:00,32.867,-117.257,0,Scripps Pier,0,0,0.54,1.22,1.22,1.22,200,0,NaN,240,0.49,0.07,0.64,0.63,0.64,0.27,1921,6363,0,3.08,50,18.8
2013,10,14,16:35:00,32.867,-117.257,0,Scripps Pier,0,0,0.62,1.05,1.06,1.04,200,0,NaN,400,0.45,0.03,0.44,0.42,0.46,0.25,8800,20800,0,1.33,10,19
2013,10,21,16:30:00,32.867,-117.257,0,Scripps Pier,0,0,0.87,1.49,1.43,1.55,200,0,NaN,0,0.53,0.08,0.81,0.83,0.79,0.29,10800,6800,0,1.73,10,18.6
2013,10,28,16:55:00,32.867,-117.257,0,Scripps Pier,0,0,0.69,2.2,2.18,2.21,200,1200,NaN,0,0.72,0.04,1.34,1.29,1.38,0.44,2000,27200,0,3.3,10,16.4
2013,11,4,18:40:00,32.867,-117.257,0,Scripps Pier,0,0,0.53,0.87,0.86,0.87,200,0,NaN,0,0.84,0.04,0.35,0.32,0.38,0.33,800,10800,0,2.23,10,17.2
2013,11,11,18:45:00,32.867,-117.257,0,Scripps Pier,0,0,0.35,1.87,1.83,1.91,200,0,NaN,0,0.84,0.09,0.73,0.74,0.71,0.43,400,36000,0,3.59,10,16.7
2013,11,18,19:00:00,32.867,-117.257,0,Scripps Pier,0,0,0.55,0.95,0.96,0.93,200,0,NaN,0,0.45,0.05,0.41,0.39,0.42,0.31,400,7600,0,2.11,10,17.4
2013,11,25,18:45:00,32.867,-117.257,0,Scripps Pier,0,0,0.79,1.75,1.83,1.67,200,0,NaN,0,0.49,0.04,0.67,0.56,0.77,0.3,1200,35200,2400,2.56,10,16.9
2013,12,2,18:45:00,32.867,-117.257,0,Scripps Pier,0,0,0.67,1.36,1.39,1.33,200,0,NaN,0,0.56,0.06,0.66,0.64,0.67,0.34,1200,8000,2400,2.28,10,16.5
2013,12,9,19:27:00,32.867,-117.257,0,Scripps Pier,0,0,0.79,1.33,1.31,1.35,200,0,NaN,0,0.75,0.11,0.51,0.48,0.53,0.36,0,6800,4400,2.16,10,15.7
2013,12,16,18:45:00,32.867,-117.257,0,Scripps Pier,0,0,0.4,4.92,4.58,5.25,200,0,NaN,0,0.47,0.11,1.48,1.4,1.56,0.32,800,26800,27600,1.11,10,15.6
2013,12,23,19:44:00,32.867,-117.257,0,Scripps Pier,0,0,1.32,1.05,1.02,1.07,200,0,NaN,0,0.3,0.13,0.59,0.56,0.61,0.26,800,16800,0,1.28,10,15.5
2013,12,30,19:35:00,32.867,-117.257,0,Scripps Pier,0,0,NaN,0.85,0.81,0.89,200,0,NaN,0,NaN,NaN,0.59,0.6,0.57,NaN,400,13600,0,NaN,10,15.3
2014,1,6,19:35:00,32.867,-117.257,0,Scripps Pier,0,0,0.17,0.91,0.89,0.93,200,0,NaN,0,0.06,0.02,0.53,0.59,0.47,0.14,400,4000,0,2.37,10,15.7
2014,1,13,19:20:00,32.867,-117.257,0,Scripps Pier,0,0,NaN,1.23,1.25,1.2,200,0,NaN,0,NaN,NaN,0.83,0.83,0.83,NaN,0,4800,0,NaN,10,15.4
2014,1,20,20:19:00,32.867,-117.257,0,Scripps Pier,0,0,1,0.91,0.91,0.91,200,0,NaN,0,0.39,0.11,0.48,0.49,0.46,0.25,0,5600,0,4.18,10,15.5
2014,1,27,19:55:00,32.867,-117.257,0,Scripps Pier,0,0,0.74,0.92,0.91,0.93,200,0,NaN,0,0.09,0.01,0.56,0.54,0.57,0.23,0,9600,0,2.9,10,16.4
2014,2,3,19:54:00,32.867,-117.257,0,Scripps Pier,0,0,0.33,1.01,1.02,0.99,200,0,NaN,0,0.35,0.11,0.43,0.47,0.39,0.25,800,5600,0,3.7,10,15.5
2014,2,10,19:55:00,32.867,-117.257,0,Scripps Pier,0,0,0.9,1.47,1.61,1.33,200,0,NaN,0,0.93,0.08,0.71,0.73,0.68,0.36,2000,6400,0,4,10,15.5
2014,2,17,18:50:00,32.867,-117.257,0,Scripps Pier,400,0,0.57,1.28,1.23,1.33,200,0,0.05,0,0.01,0.07,0.28,0.28,0.27,0.12,1600,66800,9200,0.61,10,15.5
2014,2,24,20:05:00,32.867,-117.257,0,Scripps Pier,2400,0,0.76,2.34,2.35,2.32,200,0,NaN,0,0.06,0.1,0.49,0.49,0.48,0.12,24400,12800,800,2.35,10,16.6
2014,3,3,19:55:00,32.867,-117.257,0,Scripps Pier,0,0,0.78,1.24,1.24,1.23,200,0,NaN,0,0.26,0.08,0.39,0.38,0.4,0.23,800,8800,0,2.37,10,16.3
2014,3,10,18:17:00,32.867,-117.257,0,Scripps Pier,0,0,0.74,1.33,1.33,1.32,200,0,NaN,0,0.25,0.08,0.74,0.67,0.81,0.19,2000,0,0,3.37,10,16.8
2014,3,17,17:50:00,32.867,-117.257,0,Scripps Pier,400,0,0.38,1.38,1.33,1.42,200,0,NaN,0,0.1,0.09,0.53,0.54,0.52,0.18,4800,24400,0,3.18,10,17.7
2014,3,24,19:50:00,32.867,-117.257,0,Scripps Pier,0,0,0.64,1.59,1.62,1.55,200,400,NaN,0,0.05,0.06,0.8,0.77,0.82,0.19,2400,14800,0,3.66,10,17.9
2014,4,1,17:10:00,32.867,-117.257,0,Scripps Pier,0,0,0.52,2.06,2.07,2.05,200,0,NaN,0,0.12,0.08,0.84,0.79,0.88,0.19,1200,68400,0,4.76,10,16.8
2014,4,7,18:55:00,32.867,-117.257,0,Scripps Pier,0,0,0.37,5.19,5,5.38,200,0,NaN,400,0.13,0.01,0.74,0.91,0.57,0.18,77600,29600,0,5.64,10,17.8
2014,4,14,19:15:00,32.867,-117.257,0,Scripps Pier,0,0,0.58,4.15,3.93,4.36,200,0,NaN,0,0.32,0.04,0.88,0.97,0.78,0.15,2800,103200,188000,2.12,10,15.1
2014,4,21,19:05:00,32.867,-117.257,0,Scripps Pier,0,0,1,1.56,1.62,1.5,200,0,NaN,0,0.91,0.08,0.74,0.68,0.8,0.24,2400,7600,0,2.12,10,16.8
2014,4,28,19:10:00,32.867,-117.257,0,Scripps Pier,0,0,2.31,1.73,1.8,1.65,200,0,NaN,0,0.53,0.05,0.53,0.58,0.47,0.17,4800,3200,0,2.62,10,17.9
2014,5,5,17:25:00,32.867,-117.257,0,Scripps Pier,0,0,0.45,2.2,2.15,2.25,200,0,NaN,0,1.63,0.07,0.81,0.77,0.85,0.29,800,5600,0,5.55,10,16.7
2014,5,12,17:22:00,32.867,-117.257,0,Scripps Pier,0,0,1.19,0.57,0.49,0.64,200,0,NaN,0,0.1,0.04,0.13,0.13,0.12,0.16,800,8400,3600,3.04,10,18.8
2014,5,19,17:30:00,32.867,-117.257,0,Scripps Pier,0,0,0.81,0.7,0.71,0.69,200,0,NaN,0,0.15,0.06,0.12,0.11,0.12,0.17,400,27600,4000,5.11,10,19.2
2014,5,27,17:40:00,32.867,-117.257,0,Scripps Pier,0,0,1.72,0.74,0.74,0.73,200,0,NaN,0,0.23,0.03,0.15,0.15,0.15,0.16,800,15600,1600,5.36,10,20.7
2014,6,2,17:43:00,32.867,-117.257,0,Scripps Pier,0,0,0.92,0.93,0.94,0.91,200,0,NaN,0,0.28,0.04,0.26,0.26,0.26,0.2,1200,20000,1600,4.73,10,21.3
2014,6,9,17:58:00,32.867,-117.257,0,Scripps Pier,0,0,0.81,1.3,1.36,1.24,200,0,NaN,0,0.12,0.03,0.27,0.27,0.27,0.18,23200,27200,0,6.59,10,20.5
2014,6,16,16:35:00,32.867,-117.257,0,Scripps Pier,0,0,0.98,1.01,0.96,1.05,200,0,NaN,0,0.09,0.03,0.26,0.21,0.31,0.11,4800,272800,0,3.2,10,20.1
2014,6,23,17:48:00,32.867,-117.257,0,Scripps Pier,0,0,0.56,0.87,0.82,0.92,200,0,NaN,0,0.67,0.06,0.28,0.27,0.28,0.16,2800,54000,0,1.9,10,21.4
2014,6,30,17:54:00,32.867,-117.257,0,Scripps Pier,0,0,1.13,2.51,2.51,2.51,200,400,NaN,0,0.26,0.02,0.27,0.2,0.34,0.05,0,50800,1600,3.21,10,20.7
2014,7,7,17:04:00,32.867,-117.257,0,Scripps Pier,0,0,0.99,0.77,0.75,0.79,200,0,NaN,0,0.24,0.03,0.18,0.2,0.16,0.12,14800,4000,0,2.34,10,23.4
2014,7,14,18:04:00,32.867,-117.257,0,Scripps Pier,0,0,1.02,1.92,1.98,1.85,200,0,NaN,0,0.19,0.06,0.49,0.51,0.47,0.13,1200,12400,0,1.97,10,22.4
2014,7,21,16:53:00,32.867,-117.257,0,Scripps Pier,0,0,1.15,1.8,1.83,1.77,200,0,NaN,0,0.16,0.04,0.47,0.52,0.41,0.16,6400,5600,0,6.04,10,21.4
2014,7,28,18:38:00,32.867,-117.257,0,Scripps Pier,0,0,1.11,1.95,1.9,2,200,0,NaN,0,0.26,0.03,0.43,0.41,0.44,0.19,8400,63200,0,3.84,10,22.5
2014,8,4,18:15:00,32.867,-117.257,0,Scripps Pier,0,0,1.12,1.31,1.3,1.31,200,0,NaN,0,0.16,0.04,0.34,0.32,0.35,0.12,400,31600,0,3.16,10,23.2
2014,8,11,17:43:00,32.867,-117.257,0,Scripps Pier,0,0,0.99,1.13,1.1,1.15,200,0,NaN,0,0.2,0.06,0.22,0.23,0.2,0.16,5600,7600,0,2.22,10,23.1
2014,8,18,19:00:00,32.867,-117.257,0,Scripps Pier,0,0,1.12,1.24,1.24,1.24,200,0,NaN,0,0.23,0.06,0.26,0.27,0.25,0.16,1600,14800,0,2.76,10,22.8
2014,8,25,17:25:00,32.867,-117.257,0,Scripps Pier,0,0,1.26,0.92,0.92,0.92,200,0,NaN,0,0.08,0.04,0.28,0.26,0.29,0.13,0,12800,0,1.69,10,22.8
2014,9,2,17:38:00,32.867,-117.257,0,Scripps Pier,0,0,0.58,1.1,1.09,1.1,200,0,NaN,0,0.04,0.03,0.54,0.56,0.51,0.16,0,44000,0,2.08,10,22.3
2014,9,8,17:14:00,32.867,-117.257,0,Scripps Pier,0,0,1.25,0.97,0.97,0.97,200,0,NaN,0,0.17,0.02,0.26,0.24,0.28,0.17,800,11200,0,1.61,10,23.1
2014,9,15,17:20:00,32.867,-117.257,0,Scripps Pier,0,0,1.13,2.03,2.08,1.98,200,400,NaN,0,0.13,0.03,0.43,0.41,0.44,0.19,16800,10400,0,2.07,10,24.1
2014,9,22,17:10:00,32.867,-117.257,0,Scripps Pier,0,0,1.51,0.96,0.97,0.95,200,400,NaN,0,0.13,0.07,0.27,0.26,0.27,0.21,1200,6400,0,2.1,10,21.9
2014,9,29,17:03:00,32.867,-117.257,0,Scripps Pier,0,0,0.62,0.58,0.58,0.57,200,0,NaN,0,0.23,0.05,0.18,0.19,0.17,0.19,2400,7200,0,2.62,10,20
2014,10,6,17:31:00,32.867,-117.257,0,Scripps Pier,0,0,0.86,0.89,0.83,0.95,200,0,NaN,0,0.18,0.07,0.19,0.33,0.05,0.16,400,3600,0,1.68,10,23
2014,10,13,17:14:00,32.867,-117.257,0,Scripps Pier,0,0,1.41,0.55,0.55,0.54,200,0,NaN,0,0.33,0.04,0.14,0.11,0.17,0.23,400,8000,0,2.44,10,21.3
2014,10,20,16:45:00,32.867,-117.257,0,Scripps Pier,0,0,0.89,0.65,0.64,0.66,200,0,NaN,0,0.07,0.05,0.29,0.27,0.31,0.19,400,6400,0,1.92,10,21.4
2014,10,27,17:05:00,32.867,-117.257,0,Scripps Pier,0,0,0.83,0.53,0.53,0.53,200,0,NaN,0,0.1,0.04,0.32,0.29,0.35,0.22,400,5600,0,2.63,10,20.7
2014,11,3,18:30:00,32.867,-117.257,0,Scripps Pier,0,0,0.3,0.63,0.53,0.73,200,0,NaN,0,0.06,0.02,0.4,0.45,0.35,0.22,1600,2800,0,2.33,10,20.2
2014,11,10,18:42:00,32.867,-117.257,0,Scripps Pier,0,0,1.12,0.75,0.73,0.77,200,0,NaN,0,0.15,0.07,0.38,0.31,0.44,0.2,400,3600,0,2.51,10,19
2014,11,17,18:44:00,32.867,-117.257,0,Scripps Pier,0,0,1.07,0.94,0.95,0.92,200,0,NaN,0,0.06,0.05,0.39,0.38,0.39,0.21,800,5200,0,2.2,10,19.3
2014,11,24,18:54:00,32.867,-117.257,0,Scripps Pier,0,0,0.87,0.58,0.56,0.59,200,0,NaN,0,0.44,0.08,0.38,0.35,0.4,0.22,0,4000,0,2.49,10,18.5
2014,12,1,18:50:00,32.867,-117.257,0,Scripps Pier,0,0,0.6,0.43,0.43,0.42,200,0,NaN,0,0.12,0.04,0.19,0.18,0.19,0.2,400,9600,0,1.55,10,18.6
2014,12,8,18:47:00,32.867,-117.257,0,Scripps Pier,0,0,0.47,1.69,1.62,1.75,200,0,NaN,0,0.11,0.05,0.81,0.8,0.82,0.23,800,1200,0,2.46,10,18.3
2014,12,15,18:15:00,32.867,-117.257,0,Scripps Pier,0,0,0.87,0.86,0.87,0.84,200,0,NaN,0,0.12,0.06,0.41,0.38,0.44,0.24,80,3920,0,2.21,50,17.8
2014,12,22,18:50:00,32.867,-117.257,0,Scripps Pier,0,0,0.81,1.22,1.25,1.19,200,0,NaN,0,0.19,0.11,0.81,0.85,0.76,0.23,240,1920,0,2.52,50,17.5
2014,12,29,18:40:00,32.867,-117.257,0,Scripps Pier,0,0,0.56,1.17,1.25,1.09,200,0,NaN,0,0.29,0.06,0.48,0.43,0.53,0.21,1600,7200,0,2.61,50,16.7
2015,1,5,19:18:00,32.867,-117.257,0,Scripps Pier,0,0,0.54,0.91,0.89,0.93,200,0,NaN,0,0.26,0.04,0.4,0.41,0.39,0.22,240,2640,0,2.38,50,16
2015,1,12,18:45:00,32.867,-117.257,0,Scripps Pier,0,0,0.62,0.8,0.85,0.75,200,0,NaN,0,0.16,0.07,0.39,0.37,0.41,0.19,0,640,0,2.15,50,16.4
2015,1,19,18:15:00,32.867,-117.257,0,Scripps Pier,0,0,0.41,0.82,0.84,0.8,200,0,NaN,0,0.27,0.07,0.41,0.45,0.36,0.19,0,2320,0,1.96,50,16.4
2015,1,26,20:10:00,32.867,-117.257,0,Scripps Pier,0,0,0.32,0.53,0.54,0.51,200,0,NaN,0,0.07,0.1,0.22,0.21,0.23,0.22,0,1280,0,2.07,50,16.6
2015,2,2,19:40:00,32.867,-117.257,0,Scripps Pier,0,0,0.29,0.69,0.7,0.67,200,0,NaN,0,0.54,0.06,0.32,0.27,0.36,0.2,80,6880,0,1.97,50,16.8
2015,2,9,18:25:00,32.867,-117.257,0,Scripps Pier,0,0,0.51,1.3,1.31,1.28,200,0,NaN,0,0.3,0.08,0.55,0.54,0.55,0.2,80,15680,0,2.46,50,16.8
2015,2,9,19:00:00,32.867,-117.257,0,Scripps Pier,0,0,NaN,1.3,1.31,1.28,200,0,NaN,0,NaN,NaN,0.55,0.54,0.55,NaN,80,15680,0,NaN,50,16.8
2015,2,17,18:25:00,32.867,-117.257,0,Scripps Pier,0,0,NaN,0.22,0.22,0.21,200,0,NaN,0,NaN,NaN,0.1,0.09,0.11,NaN,400,6400,0,NaN,50,17.3
2015,2,17,18:39:00,32.867,-117.257,0,Scripps Pier,0,0,0.42,0.22,0.22,0.21,200,0,NaN,0,0.17,0.06,0.1,0.09,0.11,0.21,400,6400,0,3.52,50,17.3
2015,2,23,18:15:00,32.867,-117.257,0,Scripps Pier,0,0,0.69,0.76,0.75,0.77,200,0,NaN,0,0.43,0.03,0.48,0.5,0.45,0.2,0,3280,0,1.89,50,17
2015,3,2,19:10:00,32.867,-117.257,0,Scripps Pier,0,0,0.47,0.68,0.68,0.68,200,0,NaN,0,0.18,0.1,0.52,0.49,0.54,0.22,80,30000,0,2.65,50,16.5
2015,3,9,17:05:00,32.867,-117.257,0,Scripps Pier,0,0,0.73,0.74,0.71,0.77,200,0,NaN,0,0.26,0.03,0.22,0.32,0.11,0.23,160,4400,0,2.35,50,17.1
2015,3,16,16:25:00,32.867,-117.257,0,Scripps Pier,0,0,0.85,0.71,0.7,0.72,200,0,NaN,0,0.24,0.02,0.25,0.21,0.29,0.19,1600,1440,0,2.93,50,17.2
2015,3,16,16:50:00,32.867,-117.257,0,Scripps Pier,NaN,NaN,NaN,0.71,0.7,0.72,200,NaN,NaN,NaN,NaN,NaN,0.25,0.21,0.29,NaN,NaN,NaN,NaN,NaN,NaN,17.2
2015,3,23,16:40:00,32.867,-117.257,0,Scripps Pier,0,0,0.49,0.96,0.94,0.98,200,0,NaN,0,0.16,0.08,0.32,0.35,0.29,0.2,1200,3200,0,2.28,50,17.4
2015,3,30,16:45:00,32.867,-117.257,0,Scripps Pier,0,0,0.64,1.09,1.09,1.09,200,0,NaN,0,0.26,0.04,0.19,0.22,0.16,0.13,1680,17120,0,1.17,50,18.7
2015,4,3,16:55:00,32.867,-117.257,0,Scripps Pier,NaN,NaN,NaN,1.31,1.28,1.34,200,NaN,NaN,NaN,NaN,NaN,0.46,0.43,0.48,NaN,NaN,NaN,NaN,NaN,NaN,18.7
2015,4,6,16:15:00,32.867,-117.257,0,Scripps Pier,0,0,0.49,1.34,1.31,1.36,200,80,NaN,0,0.18,0.12,0.51,0.49,0.53,0.17,2960,2320,0,1.79,50,18.5
2015,4,13,17:20:00,32.867,-117.257,0,Scripps Pier,0,0,0.74,1.07,1.02,1.11,200,0,NaN,0,0.2,0.03,0.33,0.32,0.33,0.2,560,1760,0,3.9,50,17.4
2015,4,20,16:10:00,32.867,-117.257,0,Scripps Pier,0,0,1,2.05,1.98,2.11,200,80,NaN,0,2.38,0.21,0.81,0.78,0.83,0.36,1920,1920,640,6.49,50,16.6
2015,4,27,16:21:00,32.867,-117.257,0,Scripps Pier,0,0,1.12,1.15,1.14,1.15,200,80,NaN,0,0.59,0.16,0.35,0.36,0.34,0.25,3840,1440,0,3.16,50,16.9
2015,5,4,16:44:00,32.867,-117.257,0,Scripps Pier,0,0,0.71,1.52,1.6,1.44,200,0,NaN,0,0.35,0.09,0.54,0.61,0.47,0.19,6560,720,0,2.85,50,18.9
2015,5,11,16:17:00,32.867,-117.257,0,Scripps Pier,0,0,0.55,1.85,1.85,1.85,200,0,NaN,0,0.22,0.06,0.57,0.48,0.66,0.18,6640,880,0,3.44,50,18
2015,5,18,16:09:00,32.867,-117.257,0,Scripps Pier,0,0,0.59,2.46,2.38,2.53,200,0,NaN,0,0.16,0.06,0.74,0.74,0.73,0.22,14800,22000,3200,4.6,10,16.7
2015,5,26,17:15:00,32.867,-117.257,0,Scripps Pier,0,0,0.77,2.49,2.51,2.47,200,0,NaN,0,0.13,0.08,0.68,0.65,0.71,0.19,6800,13200,0,3.68,10,18.6
2015,6,1,16:47:00,32.867,-117.257,0,Scripps Pier,0,0,NaN,1.68,1.7,1.66,200,0,NaN,0,NaN,NaN,0.21,0.23,0.18,NaN,5200,2000,0,NaN,10,19.4
2015,6,8,16:15:00,32.867,-117.257,0,Scripps Pier,0,0,NaN,1.17,1.18,1.15,200,0,NaN,0,NaN,NaN,0.33,0.33,0.33,NaN,1680,16240,0,NaN,50,19.3
2015,6,15,16:20:00,32.867,-117.257,0,Scripps Pier,0,0,NaN,2.54,2.67,2.41,200,400,NaN,0,NaN,NaN,0.65,0.62,0.68,NaN,44400,140800,1600,NaN,10,17.8
2015,6,22,16:36:00,32.867,-117.257,0,Scripps Pier,0,0,NaN,1.18,1.18,1.17,200,80,NaN,0,NaN,NaN,0.32,0.33,0.31,NaN,1040,4880,0,NaN,50,20.3
2015,6,29,16:47:00,32.867,-117.257,0,Scripps Pier,0,0,NaN,1.78,1.78,1.78,200,0,NaN,0,NaN,NaN,0.36,0.31,0.4,NaN,320,2160,0,NaN,50,20.4
2015,7,6,17:10:00,32.867,-117.257,0,Scripps Pier,0,0,NaN,1.29,1.31,1.27,200,0,NaN,0,NaN,NaN,0.38,0.39,0.37,NaN,160,880,0,NaN,50,20.9
2015,7,13,17:05:00,32.867,-117.257,0,Scripps Pier,0,0,NaN,0.63,0.67,0.59,200,0,NaN,0,NaN,NaN,0.51,0.49,0.53,NaN,240,6960,0,NaN,50,21.2
2015,7,20,17:30:00,32.867,-117.257,0,Scripps Pier,0,0,NaN,1.66,1.72,1.59,200,0,NaN,0,NaN,NaN,0.39,0.4,0.38,NaN,2000,1680,0,NaN,50,19.9
2015,7,27,16:18:00,32.867,-117.257,0,Scripps Pier,0,0,NaN,1.08,1.11,1.04,200,0,NaN,0,NaN,NaN,0.27,0.24,0.29,NaN,160,960,0,NaN,50,22.6
2015,8,3,16:01:00,32.867,-117.257,0,Scripps Pier,0,0,NaN,1.5,1.5,1.5,200,0,NaN,0,NaN,NaN,0.46,0.42,0.49,NaN,800,400,0,NaN,50,21.1
2015,8,10,17:18:00,32.867,-117.257,0,Scripps Pier,0,0,NaN,0.94,0.96,0.91,200,0,NaN,0,NaN,NaN,0.46,0.45,0.46,NaN,160,480,0,NaN,50,21.2
2015,8,17,16:25:00,32.867,-117.257,0,Scripps Pier,0,0,NaN,1.09,1.09,1.08,200,0,NaN,0,NaN,NaN,0.22,0.22,0.22,NaN,80,640,0,NaN,50,22.5
2015,8,24,16:12:00,32.867,-117.257,0,Scripps Pier,0,0,NaN,1.36,1.36,1.36,200,0,NaN,0,NaN,NaN,0.32,0.3,0.33,NaN,480,0,0,NaN,50,23.3
2015,8,31,17:11:00,32.867,-117.257,0,Scripps Pier,0,0,NaN,1.16,1.16,1.16,200,0,NaN,0,NaN,NaN,0.29,0.28,0.29,NaN,2160,0,0,NaN,50,23.8
2015,9,8,16:40:00,32.867,-117.257,0,Scripps Pier,0,0,NaN,1.11,1.05,1.16,200,0,NaN,0,NaN,NaN,0.17,0.19,0.15,NaN,2480,560,0,NaN,50,23.9
2015,9,14,15:48:00,32.867,-117.257,0,Scripps Pier,0,0,NaN,0.85,0.84,0.85,200,80,NaN,0,NaN,NaN,0.41,0.5,0.32,NaN,3520,160,0,NaN,50,24
2015,9,20,20:40:00,32.867,-117.257,0,Scripps Pier,0,0,NaN,0.77,0.76,0.77,200,80,NaN,0,NaN,NaN,0.21,0.22,0.19,NaN,1600,880,0,NaN,50,25.5
2015,9,28,16:36:00,32.867,-117.257,0,Scripps Pier,0,0,NaN,0.86,0.84,0.87,200,0,NaN,0,NaN,NaN,0.31,0.28,0.33,NaN,1520,880,0,NaN,50,23.3
2015,10,5,16:45:00,32.867,-117.257,0,Scripps Pier,0,0,NaN,0.8,0.81,0.78,200,0,NaN,0,NaN,NaN,0.34,0.29,0.38,NaN,0,2000,0,NaN,50,21.6
2015,10,12,16:39:00,32.867,-117.257,0,Scripps Pier,0,0,NaN,0.81,0.81,0.8,200,0,NaN,0,NaN,NaN,0.38,0.34,0.42,NaN,0,960,0,NaN,50,22.3
2015,10,19,16:49:00,32.867,-117.257,0,Scripps Pier,0,0,NaN,1.11,1.09,1.13,200,0,NaN,0,NaN,NaN,0.82,0.77,0.86,NaN,160,5760,0,NaN,50,22
2015,10,26,16:07:00,32.867,-117.257,0,Scripps Pier,NaN,NaN,NaN,0.61,0.59,0.62,200,NaN,NaN,NaN,NaN,NaN,0.27,0.26,0.27,NaN,NaN,NaN,NaN,NaN,NaN,22.2
2015,11,2,18:20:00,32.867,-117.257,0,Scripps Pier,NaN,NaN,NaN,0.88,0.9,0.85,200,NaN,NaN,NaN,NaN,NaN,0.41,0.4,0.42,NaN,NaN,NaN,NaN,NaN,NaN,20.9
2015,11,9,18:16:00,32.867,-117.257,0,Scripps Pier,NaN,NaN,NaN,0.5,0.51,0.49,200,NaN,NaN,NaN,NaN,NaN,0.18,0.19,0.16,NaN,NaN,NaN,NaN,NaN,NaN,19.7
2015,11,16,18:43:00,32.867,-117.257,0,Scripps Pier,NaN,NaN,NaN,0.71,0.74,0.68,200,NaN,NaN,NaN,NaN,NaN,0.5,0.53,0.47,NaN,NaN,NaN,NaN,NaN,NaN,18
2015,11,23,18:51:00,32.867,-117.257,0,Scripps Pier,NaN,NaN,NaN,0.72,0.71,0.72,200,NaN,NaN,NaN,NaN,NaN,0.3,0.31,0.28,NaN,NaN,NaN,NaN,NaN,NaN,19.5
2015,11,30,18:28:00,32.867,-117.257,0,Scripps Pier,NaN,NaN,NaN,1.24,1.28,1.2,200,NaN,NaN,NaN,NaN,NaN,0.54,0.51,0.57,NaN,NaN,NaN,NaN,NaN,NaN,17.8
2015,12,8,19:30:00,32.867,-117.257,0,Scripps Pier,NaN,NaN,NaN,0.9,0.88,0.91,200,NaN,NaN,NaN,NaN,NaN,0.53,0.52,0.53,NaN,NaN,NaN,NaN,NaN,NaN,18.5
2015,12,15,17:50:00,32.867,-117.257,0,Scripps Pier,NaN,NaN,NaN,0.96,0.93,0.99,200,NaN,NaN,NaN,NaN,NaN,0.48,0.51,0.45,NaN,NaN,NaN,NaN,NaN,NaN,17.4
2015,12,21,18:45:00,32.867,-117.257,0,Scripps Pier,NaN,NaN,NaN,0.83,0.84,0.81,200,NaN,NaN,NaN,NaN,NaN,0.4,0.38,0.42,NaN,NaN,NaN,NaN,NaN,NaN,17
2015,12,28,17:42:00,32.867,-117.257,0,Scripps Pier,NaN,NaN,NaN,1.45,1.46,1.44,200,NaN,NaN,NaN,NaN,NaN,0.57,0.57,0.56,NaN,NaN,NaN,NaN,NaN,NaN,15.8
2016,1,4,19:15:00,32.867,-117.257,0,Scripps Pier,NaN,NaN,NaN,3.59,3.67,3.51,200,NaN,NaN,NaN,NaN,NaN,0.48,0.46,0.49,NaN,NaN,NaN,NaN,NaN,NaN,15.7
2016,1,11,18:20:00,32.867,-117.257,0,Scripps Pier,NaN,NaN,NaN,1.41,1.39,1.43,200,NaN,NaN,NaN,NaN,NaN,0.66,0.71,0.6,NaN,NaN,NaN,NaN,NaN,NaN,15.8
2016,1,18,18:45:00,32.867,-117.257,0,Scripps Pier,NaN,NaN,NaN,2.38,2.41,2.35,200,NaN,NaN,NaN,NaN,NaN,1.04,1.05,1.02,NaN,NaN,NaN,NaN,NaN,NaN,15.8
2016,1,25,18:23:00,32.867,-117.257,0,Scripps Pier,NaN,NaN,NaN,1.55,1.53,1.56,200,NaN,NaN,NaN,NaN,NaN,1,1,0.99,NaN,NaN,NaN,NaN,NaN,NaN,15.8
2016,2,2,18:45:00,32.867,-117.257,0,Scripps Pier,NaN,NaN,NaN,2.4,2.01,2.8,200,NaN,NaN,NaN,NaN,NaN,0.78,1.27,0.29,NaN,NaN,NaN,NaN,NaN,NaN,14.8
